{
    "data": [
        {
            "id": "1342627587483443200",
            "text": "@Estadao Engraçado que nesse tipo de notícia a imagem da capa sempre é da vítima, nunca do assassino..."
        },
        {
            "id": "1342627783571361802",
            "text": "@Estadao Enquanto acharem que um papel chamado de medida protetiva que não protege mulher nenhuma é uma medida eficaz, milhares e milhares de casos como esses continuarão acontecendo. Infelizmente."
        },
        {
            "id": "1342629747021541379",
            "text": "@Estadao Até quando essa cultura maldita do abuso que resulta em morte."
        },
        {
            "id": "1342637856792174594",
            "text": "@Estadao Nos dias de hj tenho medo até de namorar eu ein"
        },
        {
            "id": "1342782352351703041",
            "text": "@Estadao Mais um covarde!"
        },
        {
            "id": "1342819409967116291",
            "text": "@Estadao Esses homens frustrados resolveram matar a ex-esposas."
        },        
		{
            "id": "1342930707040104454",
            "text": "@Estadao Triste realidade."
        },
        {
            "id": "1342630179915657218",
            "text": "@Estadao Não tem nenhuma medida que proteja desses malucos ."
        },
        {
            "id": "1342804436658368514",
            "text": "@Estadao Vão continuar matando enquanto esses jornais se vendem para corruptos STF"
        },
        {
            "id": "1342631839526248449",
            "text": "@Estadao É um cidadão de bem?!"
        },
        {
            "id": "1342627648145649664",
            "text": "@Estadao nao passa nenhum ano preso graças as leis q psol e pt defensores das mulheres gostam"
        },
        {
            "id": "1342626939887099905",
            "text": "@Estadao Mais uma cega que escolheu o marido errado."
        },
        {
            "id": "1342629176562642944",
            "text": "@Estadao Malucos. No Natal causando feminicídio. Destruindo as próprias família."
        },
        {
            "id": "1342691370167894017",
            "text": "@Estadao A porra doida tá matando mulheres!! Tem que haver um basta de matança de mulheres...! Porra CARAÍ!! Nem no natal esses covardes se tocam 😲😱🎅🌟😓😪🙏"
        },
        {
            "id": "1342692790069821440",
            "text": "@Estadao Agradeçam as políticas genocidas esquerdistas de soltar presos, afrouxar prisões, resocializacao de psicopatas, pedófilos, prisão apenas na última instância, saidinha do Natal, etc etc etc. A impunidade da nisso aí."
        },
        {
            "id": "1342815487521075200",
            "text": "@Estadao Na primeira ameaça, medidas muito duras já tinham que ser tomadas contra o agressor!"
        }	
    ],
    "meta": [
	{
		"newspaper": "estadao",
		"topic": "mulheres",
		"date": "26-12-20",
        "result_count": 16
    }
	]
}