{
    "data": [
        {
            "id": "1293321892288499712",
            "text": "@Estadao NOSSA COMO É SOFRIDX"
        },
        {
            "id": "1293323891583193088",
            "text": "@Estadao Força,  guerreirx."
        },
        {
            "id": "1293364295221366784",
            "text": "@Estadao Vão tomar nos seus cus"
        },
        {
            "id": "1293373286164959247",
            "text": "@Estadao Já segurei demais em vários locais quando não podia entrar com minha bebê. São poucos os lugares que tem banheiro familiar."
        },
        {
            "id": "1293439034681950208",
            "text": "@Estadao A próstata ajuda nessas hrs..."
        },
        {
            "id": "1293269018061746177",
            "text": "@Estadao PQP, assino esse jornal pra isso? Não é possivel!"
        },
        {
            "id": "1293372854193487875",
            "text": "@Estadao So eu topasse com esse cara aí, deixaria ele de boa no banheiro: a gente tem de respeitar o espaço dos vevecos! Os caras são massa! Exceto quando saem dando piti."
        },
        {
            "id": "1293330780438044673",
            "text": "@Estadao Tudo que eu quero é um homem mijando ao lado da minha filha mesmo."
        },
        {
            "id": "1293270331109658625",
            "text": "@Estadao Tb segurei pq os banheiros químicos são um lixo"
        },
        {
            "id": "1293275108178526208",
            "text": "@Estadao Oh, que notícia! Não sei o que seria da minha semana, se não soubesse! Isso, sim, é bom jornalismo"
        },
        {
            "id": "1293325139233386496",
            "text": "@Estadao Tatuou até uma coroa de espinhos de tão sofrido que é o calvário de segurar o xixi hauha"
        },
        {
            "id": "1293602233658093570",
            "text": "@Estadao É só mijar na rua, igual todo homem faz."
        },
        {
            "id": "1293333755252420610",
            "text": "@Estadao Mimimi"
        },
        {
            "id": "1293335628126527490",
            "text": "@Estadao Era só encostar ao de um arbustos e se aliviar, a natureza foi boa com a gente, e a ciência reafirma isso 😆"
        },
        {
            "id": "1293270465025318913",
            "text": "@Estadao Tem piu piu, é homem. Respeite a ciência."
        },
        {
            "id": "1293274058981859329",
            "text": "@Estadao Homem é homem e mulher é mulher. To errado? Entao me refute."
        },		
        {
            "id": "1293269690807197703",
            "text": "@Estadao Ahhh pronto, vitimização pra enfiar macho no banheiro feminino!"
        },		
        {
            "id": "1293272039868989442",
            "text": "@Estadao Acho que ela quis falar dos dois tipos de banheiros"
        },		
        {
            "id": "1293269047623196673",
            "text": "@Estadao A entrevista foi maravilhosa, inteligentíssima!"
        },		
        {
            "id": "1293279431713267719",
            "text": "@Estadao Que mundo mais racista né! Onde já se viu um bengaludo ter que segurar o xixi, pq ñ pode entrar em banheiro feminino.  Inaceitável!"
        },
        {
            "id": "1293269781135724545",
            "text": "@Estadao Quem tem pênis urina no reservado masculino. Tivesse feito isto não estaria chorando."
        },		
        {
            "id": "1293325452954738688",
            "text": "@Estadao Se tem pintinho vai no dos meninos"
        },		
        {
            "id": "1293325848012087296",
            "text": "@Estadao Quem tem pinto, mija em qualquer lugar."
        },
        {
            "id": "1293355715587956736",
            "text": "@Estadao O negão fez a tatuagem de presidio  mais ridícula e ainda fez questão de fzr esta merda na testa."
        },	
        {
            "id": "1293416388611244033",
            "text": "@Estadao Traveco entrando em banheiro de mulher??? Tão ficando retardados ?"
        },	
        {
            "id": "1293533347168301062",
            "text": "@Estadao Eu já segurei xixi em balada pq o banheiro estava cheio de gays mexendo com os demais q iriam utilizá-lo."
        }			
    ],
    "meta": [
	{
		"newspaper": "estadao",
		"topic": "lgbtq",
		"date": "11-8-20",
        "result_count": 26
    }
	]
}