{
    "data": [
        {
            "id": "1329758427338436610",
            "text": "@Estadao Ele foi espancado por que era homem e negro? Não entendi a manchete tendenciosa.... @Estadao é lixo progressistas!!"
        },
        {
            "id": "1329758758621294594",
            "text": "@Estadao quantos brancos que nem tu tu ja viu ser espancados e mortos em um mercado?"
        },	
        {
            "id": "1329763880877371394",
            "text": "@Estadao Se fosse branco ia ter a manchete tb né?"
        },	
        {
            "id": "1329772823146090498",
            "text": "@Estadao Esqueçam a cor, corrige aê: 'Homem é espancado e morto por um segurança e um policial dentro do Carrefour em Porto Alegre'"
        },	
        {
            "id": "1329757493526999042",
            "text": "@Estadao #VidasNegrasImportam!"
        },	
        {
            "id": "1329758332635242496",
            "text": "@Estadao Caso “isolado” nº 19763688043221"
        },	
        {
            "id": "1329758375085797377",
            "text": "@Estadao Deem visibilidade à empresa de segurança q treina mal seus funcionários, comete esse ato monstruoso e prejudica o supermercado tb"
        },	
        {
            "id": "1329759620819247106",
            "text": "@Estadao Infelizmente, no Brasil temos um governo incentivador da violência e do preconceito. E isso tem reflexo direto no cidadão comum e é determinante para esse tipo crime."
        },	
        {
            "id": "1329759936092508166",
            "text": "@Estadao Manchete errada. Isso é foi um ASSASSINATO!!!!!"
        },	
        {
            "id": "1329760145702875137",
            "text": "@Estadao Absurdo, muito triste ,e cada vez se repetindo mais !!"
        },	
        {
            "id": "1329764775186849795",
            "text": "@Estadao Parabéns aos responsáveis por oficializar a milícia no Brasil! Assassinos Bandidagem"
        },	
        {
            "id": "1329778350295035905",
            "text": "@Estadao Pq se era branco, azul ou verde mudava algo? Não é atroz do mesmo jeito? Jornalista bem fraquinho que escreveu isso..."
        },	
        {
            "id": "1329779817747783681",
            "text": "@Estadao A população tinha era que comecar a incendiar as unidades do Carrefour pra ver se eles aprendem"
        },	
        {
            "id": "1329758043312156672",
            "text": "@Estadao Carrefour deve recrutar seus seguranças na Gestapo é muita vontade de matar desses caras. Tristeza!"
        },			
        {
            "id": "1329757005444165638",
            "text": "@Estadao BRANCOS ASSASSINOS"
        },			
		{
            "id": "1329910553867919361",
            "text": "@Estadao O que  será  que ele fez, para acontecer  isto?"
        },	
		{
            "id": "1329771906157998084",
            "text": "@Estadao opa, Carlos. eu respondo pra você: não, não ia. porque se ele fosse branco isso jamais ia acontecer. espero ter ajudado."
        },	
		{
            "id": "1329757917554339843",
            "text": "@Estadao Mercado de merda e Seguranças desgraçados, tinham que matar esses Seguranças. Não é a primeira vez que acontece isso nessa porcaria."
        },	
		{
            "id": "1329758671958667269",
            "text": "@Estadao O processo de recrutamento desse Carrefour tem que ser revisto, estão contratando psicopatas"
        },	
		{
            "id": "1329767702873972738",
            "text": "@Estadao A 'vítima' também agrediu. Eu vejo um claro caso de legítima defesa."
        },
		{		
            "id": "1329768316106399744",
            "text": "@Estadao Nada justifica matar , agora si for p defender a própria vida já muda a história,  não sei o que realmente levou a essa tragédia,  por isso não vou crucificar ninguém,  e sobre racismo isso Já deu né,  ninguém é melhor q ninguém!"
        },
		{		
            "id": "1329782162028195842",
            "text": "@Estadao Que manchete mais tendenciosa, pois tenta direcionar o leitor a pensar que o cara foi espancado e morto por ser negro."
        },
		{	
            "id": "1329808906122629120",
            "text": "@Estadao Não é só cor de pele... é falta de oportunidades , de cultura , de condições financeiras , analfabetismo que faz tanto negros como brancos sofrerem pra caramba! Gente , pelo amor de Deus!"
        },
		{
            "id": "1329768002263388160",
            "text": "@Estadao Centenas de negros são exterminados diariamente"
        },			
		{
            "id": "1329844764456398849",
            "text": "@Estadao Ué mas depois que morreu ele virou santo? Desculpe,  mas pelo histórico do rapaz ele era agressivo e tinha passagens pela polícia. Não foi nada correto o wue aconteceu com ele, nada justifica. Mas será que ele não causou  a desavença?  Minhas condolências à família."
        }			
    ],
    "meta": [
	{
		"newspaper": "estadao",
		"topic": "raca",
		"date": "20-10-20",
        "result_count": 25
    }
	]
}