{
	"data": [
		{
			"id": "1297271662388432907",
			"text": "@Estadao e @EstadaoSaoPaulo Esse papinha é comunista."
		},
		{
			"id": "1297272098830811136",
			"text": "@Estadao Religião sempre foi repleta de gente atoa Aproveitando a miséria do pobre"
		},
		{
			"id": "1297211488541782016",
			"text": "@Estadao Lembrem que foi ESSA religiao que ABENCOU a escravidao, exterminio de povos originarios... e na sua sadica versao protestante, tenta CURAR gays... Essa religiao cheia de PEDIFILOS faz PARTE do odio e da violencia."
		},
		{
			"id": "1297212590226014208",
			"text": "@Estadao O papa não dá exemplo. Hipócrita."
		},
		{
			"id": "1297282679453474817",
			"text": "@Estadao Mandem o papa tomar no cu dele. Onde ele esteve nesses 5 meses?"
		},
		{
			"id": "1297574392105402369",
			"text": "@Estadao Papa fdp comunista religiosidade é coletivo de ignorância."
		},
		{
			"id": "1297248952031617026",
			"text": "@Estadao Esse ser não representa a igreja católica. Trata-se de um comunista travestido de cristão. Defende todas as causas socialistas no mundo, se omite às de interesse à vida e à verdade."
		},
		{
			"id": "1297214242060488704",
			"text": "@Estadao Papa clandestino da China."
		},
		{
			"id": "1297210237708128258",
			"text": "@Estadao Papa comunista"
		},
		{
			"id": "1297211664660561920",
			"text": "@Estadao Sou católico mas esse e o pior papa na liderança nós últimos 50 anos . Lamentável . Mas vamos rezar para o mundo se achar nessa confusão toda ."
		},
		{
			"id": "1297257270275911682",
			"text": "@Estadao @fabiool19753374 Você NUNCA foi católico! vc é um FANÁTICO a tal ponto que esconde o rosto para não ser identificado! Usar o termo católico não te faz católico!"
		},
		{
			"id": "1297566080316186625",
			"text": "@Estadao @fabiool19753374 Vc é 'católico', mas provavelmente apertou o 17 e votou em tucanos em todas as eleições passadas...mas o problema é do Papa, né!?👍"
		},
		{
			"id": "1297222524665761793",
			"text": "@Estadao Eu respeito muito esse papa! Verdadeiro cristão"
		},
		{
			"id": "1297230094700871687",
			"text": "@Estadao 👏👏 Papa Francisco por ser sensato e lembrar o verdadeiro papel da religião e do cristianismo que definitivamente NÃO é espalhar ódio"
		},		{
			"id": "1297239067726422016",
			"text": "@Estadao Este Papa é Tudo!"
		},
		{
			"id": "1297240817212502018",
			"text": "@Estadao Ele tem que parar de ser comunista"
		},
		{
			"id": "1297267472719110145",
			"text": "@Estadao Papa Argentino abortista e genocida!"
		}	
	],
	"meta": [
	{
		"newspaper": "estadao",
		"topic": "religiao",
		"date": "22-8-20",
		"result_count": 17 		
	}
	]
}