{
    "data": [
        {
            "id": "1344234208282238977",
            "text": "@Estadao Que lástima! O mundo em ladeira abaixo... 😢🤦🏻‍♂️"
        },
        {
            "id": "1344246366713876481",
            "text": "@Estadao Muito triste... infelizmente por aqui não será diferente muito em breve. O STF tá doido pra criar lei parecida...."
        },
        {
            "id": "1344232407713648642",
            "text": "@Estadao A legalização do aborto não acarretará o aumento dos casos. Garantirá a mulher e pessoas que engravidam, acompanhamento, meios adequados e seguros para a interrupção da gravidez. Vc é contra o aborto? Não aborte!"
        },
        {
            "id": "1344240680047161345",
            "text": "@Estadao Que tristeza!!!"
        },
        {
            "id": "1344243322567712768",
            "text": "@Estadao Lixo"
        },
        {
            "id": "1344246881367502849",
            "text": "@Estadao Parabéns Argentina - com vacina e deixando a Idade Média para trás 💚💚💚💚"
        },
        {
            "id": "1344252181457858561",
            "text": "@Estadao Viva a Argentina! Progresso e liberdade às mulheres!"
        },
        {
            "id": "1344261043451781121",
            "text": "@Estadao Uma conquista ! 👏🏻"
        },
        {
            "id": "1344262395653459972",
            "text": "@Estadao Uma grande vitória das mulheres!! A luta continua, viva a democracia!"
        },
        {
            "id": "1344230328714584064",
            "text": "@Estadao Senado de homicidas covardes da pior espécie. Melhor que fossem um aborto espontâneo!"
        },	
        {
            "id": "1344256860346601473",
            "text": "@Estadao Alguém pode tirar uma dúvida sobre aborto tardio? queria saber se posso me abortar."
        },		
        {
            "id": "1344263620167938049",
            "text": "@Estadao Vitória da morte 😔🥀🕯️⚰️😥"
        },	
        {
            "id": "1344230366882705409",
            "text": "@Estadao legalização de homicídio de crianças dentro do ventre materno! Triste!"
        },	
		{
            "id": "1344227972044238849",
            "text": "@Estadao Lixo de pais...lixo de governo...papa omisso"
        },
		{
            "id": "1344278416628068352",
            "text": "@Estadao Graças a Deus 🙌 Grande dia 🙌"
        },	
		{
            "id": "1344511034971873282",
            "text": "@Estadao Só sei que aborto não é festa. Aborto é perda. Aborto é luto."
        },					
		{
            "id": "1344229869627068423",
            "text": "@Estadao Vitória das vadias, um dia vocês terão que prestar contas sobre esses assassinatos"
        }		
    ],
    "meta": [
	{
		"newspaper": "estadao",
		"topic": "mulheres",
		"date": "30-12-20",
        "result_count": 17
    }
	]
}