{
    "data": [
        {
            "id": "1328430902008033282",
            "text": "@Estadao Tive a oportunidade de conhecer pessoalmente e achei sensacional. Temos poucos políticos com a lucidez, inteligência e carisma da Duda. Muito merecido!!"
        },
        {
            "id": "1328486148033929216",
            "text": "@Estadao Eta! Que maravilha!!!"
        },			
        {
            "id": "1328451644799987712",
            "text": "@Estadao Parabéns pela escolha, BH! 👏🏻😍"
        },
        {
            "id": "1328479850802384904",
            "text": "@Estadao Parabéns pra ela. Mas temo que logo não haverá lugar para mulher cis nos esportes, as trans são mais fortes e estão ganhando tudo. Miss agora é trans, e também na política. Não sei o que pensar."
        },
		{
            "id": "1328579688260919306",
            "text": "@Estadao Parabéns, Duda!! 😘"
        },
        {
            "id": "1328511277929541633",
            "text": "@Estadao Ou seja, mais um homem eleito."
        },
        {
            "id": "1328763094596718593",
            "text": "@Estadao Parabéns para ELE"
        },
        {
            "id": "1328477084524679168",
            "text": "@Estadao Mulher?"
        },
        {
            "id": "1328517705767522306",
            "text": "@Estadao É ele."
        },
        {
            "id": "1328448605947105290",
            "text": "@Estadao Duda é sensacional. Adoro ela,  muito inteligente,  muito articulada... só amor!"
        },
        {
            "id": "1328463726274613248",
            "text": "@Estadao Mulher? #estadaolixo"
        },
        {
            "id": "1328448862143582209",
            "text": "@Estadao A Duda foi a primeira e ele fez justamente o contrário, segundo q eu n desrespeita ele em momento nenhum"
        },
        {
            "id": "1328438015644098561",
            "text": "@Estadao É um homem de batom somente."
        },
        {
            "id": "1328430616002654213",
            "text": "@Estadao Qual o problema dela/dele ser o que quiser? Não deveria ser enaltecido as idéias desta pessoa?"
        },
        {
            "id": "1328430924359405569",
            "text": "@Estadao Tenho uma péssima notícia pra te dar. É um cara."
        },
        {
            "id": "1328435348817522695",
            "text": "@CegoTwitteiro @Estadao Pessoas trans são oprimidas e tem muito pouca oportunidade na vida, por isso ficamos feliz por uma pessoa trans ser eleita, sem contar que ela tem ótimas propostas"
        },	
        {
            "id": "1328430750560104448",
            "text": "@Estadao Mais um homem eleito 👏🏼"
        },
        {
            "id": "1328430899864760321",
            "text": "@Estadao Homem que se veste de mulher 🤣👍🏻"
        },
        {
            "id": "1328484115209969664",
            "text": "@Estadao Finalmente as mulheres estão conquistando seu espaço na política"
        },		
        {
            "id": "1328491854082564097",
            "text": "@Estadao Tem algo de errado aí.. diz leitor"
        },
        {
            "id": "1328777840666488832",
            "text": "@Estadao Respeito! Acima de tudo... seja trans, bi, gay, homem, mulher, branco, negro... devemos Amar o próximo como a nós mesmos... e atire a primeira pedra quem não tiver defeitos..."
        },
        {
            "id": "1329638713572384768",
            "text": "@Estadao Mulher trans?  Trans é homem que se veste de mulher. Nem silicone ele tem. Sutiã de enchimento."
        }		
    ],
    "meta": [
	{
		"newspaper": "estadao",
		"topic": "lgbtq",
		"date": "16-10-20",
        "result_count": 22 
    }
	]
}