{
	"data": [
		{
			"id": "1356621129029480451",
			"text": "@Estadao A madeira já tinha sido cortada, ia fazer o que com ela? Colocar fogo? O melhor a se fazer era liberar para exportação mesmo e ganhar dinheiro com isso..."
		},
		{
			"id": "1356612843710390272",
			"text": "@Estadao Antes algum louco tivesse tacado gasolina e queimado isso tudo!"
		},
		{
			"id": "1356608933834670083",
			"text": "@Estadao Surpresa zero."
		},
		{
			"id": "1356608321948700675",
			"text": "@Estadao Quando essa filhadaputice vai acabar? Hein, 'escolha difícil'!"
		},
		{
			"id": "1356606840533041154",
			"text": "@Estadao E a boiada vai passando! #BolsonarismoMata nossas florestas, nossos biomas."
		},
		{
			"id": "1356605250464079878",
			"text": "@Estadao #OMitoMataAMata #BOLSONAROCORRUPTODOANO"
		},
		{
			"id": "1356604537914687489",
			"text": "@Estadao Um governo criminoso pratica o que?"
		},
		{
			"id": "1356604007230410756",
			"text": "@Estadao Que dia será o enterro do Brasil?"
		},
		{
			"id": "1356603953438425089",
			"text": "@Estadao Já cortou mesmo, deixa vender ué kkkkkk"
		},
		{
			"id": "1356603773276323841",
			"text": "@Estadao @SargentoFAHUR ? Sou seu fã mas nosso presidente tá dando cusada"
		},
		{
			"id": "1356602527383437314",
			"text": "@Estadao Fez bem antes que apodrecesse.🤫"
		},
		{
			"id": "1356602103431655425",
			"text": "@Estadao Escolha difícil"
		},
		{
			"id": "1356602034716348419",
			"text": "@Estadao Governo criminoso."
		},
		{
			"id": "1356601006541406209",
			"text": "@Estadao Mas #AcabouaMamata  SQN!"
		},
		{
			"id": "1356600995028025352",
			"text": "@Estadao TUdo safado!"
		},
		{
			"id": "1356600507750612995",
			"text": "@Estadao @vinnidsilva Estadão: (8 min) Após apreensão recorde, governo cancelou multa e liberou madeira para exportadora investigada https://t.co/F3Zr21TYh8  Considere assinar o Estadão: https://t.co/RhYP9h2mfW"
		},
		{
			"id": "1356600163536674820",
			"text": "@Estadao alguém deve ter levado dinheiro para liberar as multas !"
		},
		{
			"id": "1356599781347450880",
			"text": "@Estadao https://t.co/YyANuoukVA"
		},
		{
			"id": "1356599402278907904",
			"text": "@Estadao Governo Bolsonano transformou o Governo em um grande balcão de negócios, aonde pagou, levou!"
		},
		{
			"id": "1356599068739444736",
			"text": "@Estadao Só desgraça esse 'governo'"
		},
		{
			"id": "1356598682146201600",
			"text": "@Estadao Verifique quem são os compradores e coloque na mídia, pois para os destruidores não existem punições exemplares"
		},
		{
			"id": "1356597991650562049",
			"text": "@Estadao E eu não consegui cancelar uma conta no Santander porque segundo a gerente eu devo 04 centavos pra algum órgão do governo, parece mentira, mas é verdade."
		},
		{
			"id": "1356597890840420353",
			"text": "@Estadao Brasil o fazendão do mundo, daqui sai tudo de bom, petróleo, agro, minério, madeira etc, e o que fica é só a miséria."
		},
		{
			"id": "1356597510735822849",
			"text": "@Estadao Amigos do Rei seguem incólumes."
		},
		{
			"id": "1356597433762013189",
			"text": "@Estadao Quem votou no Bozo genocida foram os aecistas e os marinistas!"
		},
		{
			"id": "1356597228907937792",
			"text": "@Estadao O Brasil é surreal!!"
		},
		{
			"id": "1356597136603951109",
			"text": "@Estadao Esse é o Brasil q a maioria queria!"
		},
		{
			"id": "1356597077338431492",
			"text": "@Estadao Então era legal"
		},
		{
			"id": "1356596876393472005",
			"text": "@Estadao Não adianta mentir contra o nosso presidente"
		},
		{
			"id": "1356596696009101312",
			"text": "@Estadao a culpa é do país q permite importar, tinham de boicotar tudo q vem da amazonia para esses latifundiarios aprender."
		},
		{
			"id": "1356596661187928065",
			"text": "@Estadao #ForaBolsonaro https://t.co/NzMDWLtE1l"
		},
		{
			"id": "1356596077886124036",
			"text": "@Estadao E aí turma da 'escolha difícil'? A boiada está passando com tudo."
		},
		{
			"id": "1356595864605577217",
			"text": "@Estadao que ótima noticia"
		}
	],
	"meta": [
	{
		"newspaper": "estadao",
		"topic": "politica",
		"date": "2-2-21",
		"result_count": 33
	}
	]
}