{
	"data": [
		{
			"id": "1318269141258829825",
			"text": "@Estadao Um Brasil evangélico será a  coroação da misologia,  do fanatismo,  da ignorância e da hipocrisia"
		},
		{
			"id": "1318278102812942337",
			"text": "@Estadao Eu exijo um Estado Laico!"
		},
		{
			"id": "1318269048300490752",
			"text": "@Estadao Parem de dar palco pra essa gente"
		},
		{
			"id": "1318269352999780352",
			"text": "@Estadao Esse conhece das coisas igual eu conheço de construção de foguetes."
		},
		{
			"id": "1318269388181639171",
			"text": "@Estadao Pais evangélico 🤮"
		},
		{
			"id": "1318269971911397382",
			"text": "@Estadao Vtnc"
		},
		{
			"id": "1318275345389334540",
			"text": "@Estadao Claaaaaaro que pode. Os evangélicos são a mais fanática base do Bostonaro a toa."
		},
		{
			"id": "1318277593527975941",
			"text": "@Estadao “Um Brasil evangélico pode ser menos conservador “ hum...."
		},
		{
			"id": "1318281233177214976",
			"text": "@Estadao Passando pano para os crentes"
		},		
		{
			"id": "1318294461575761921",
			"text": "@Estadao Um Brasil com menos igrejas e mais educação pode sim ser menos conservador. Sociedades menos religiosas são mais bem resolvidas."
		},	
		{
			"id": "1318304846198509568",
			"text": "@Estadao Por causa do tal 'evangélico' o BR vive o apocalipse!!!..."
		},	
		{
			"id": "1318358404264591367",
			"text": "@Estadao Um Brasil evangélico é puro retrocesso."
		},	
		{
			"id": "1318322239348105220",
			"text": "@Estadao Religião só atrapalha na política! Não precisa ser um 'pesquisador' ou gênio para saber disso!"
		},	
		{
			"id": "1318270265147723784",
			"text": "@Estadao Tá certo, já que a maioria desses 'crentes' bolsonaristas são reacionários. Conservadorismo mesmo não tem, é até uma ofensa a um conservador essa turma se dizer conservadora."
		},	
		{
			"id": "1318271932345782276",
			"text": "@Pedro2Daniel @Estadao São fundamentalistas, isso sim. Pra mim uma praga igreja neopentecostal"
		},
		{
			"id": "1318270642161057794",
			"text": "@Estadao Não queremos um país menos conservador!!!"
		},	
		{
			"id": "1318283478086144002",
			"text": "@Estadao O BRASIL É LAICO, O QUE ESSAS CRIATURAS DEMENTES NÃO ENTENDERAM AINDA???"
		},	
		{
			"id": "1318506823490699266",
			"text": "@Estadao Brasil evangélico? O Estado é laico e cada um tem sua religião. Misturar com política não dá certo."
		}	
	],
	"meta": [
	{
		"newspaper": "estadao",
		"topic": "religiao",
		"date": "19-10-20",
		"result_count":  18		
	}
	]
}