{
	"data": [
		{
			"id": "1357176252470349825",
			"text": "@TNaslavsky @Estadao @EstadaoEsporte https://t.co/Q7Dcil8My2"
		},
		{
			"id": "1357174952240308225",
			"text": "@Estadao @EstadaoEsporte putz chatice isso."
		},
		{
			"id": "1357174760468340737",
			"text": "@FabioSPFCsempre @Estadao @EstadaoEsporte Isso é xenofobia"
		},
		{
			"id": "1357174698073858050",
			"text": "@Taborda_JB @Estadao @EstadaoEsporte Xenofóbico!"
		},
		{
			"id": "1357174580352286720",
			"text": "@Estadao @EstadaoEsporte Que besteira é essa minha gente! Isso nunca foi ofensa! Chamar neguinha, pretinho, etc negão, nunca foi xingação . A não ser que os negros tenham vergonha da sua cor. Aí eles que estarão sendo racistas."
		},
		{
			"id": "1357174337367920642",
			"text": "@Estadao @EstadaoEsporte Adivinhem em quem o racista votou ?"
		},
		{
			"id": "1357174124930605061",
			"text": "@Estadao @EstadaoEsporte Galera desceu a lenha nele. Haroldo de Souza o nome do racista"
		},
		{
			"id": "1357174051589021697",
			"text": "@Estadao @EstadaoEsporte Realmente as pessoas estão perdendo o respeito com o próximo https://t.co/AIHjD0MJag"
		},
		{
			"id": "1357173979711213575",
			"text": "@Estadao @EstadaoEsporte Kkkkkkkkkkl"
		},
		{
			"id": "1357173669945081856",
			"text": "@Estadao @EstadaoEsporte Cadê as medidas legais? Isso é crime."
		},
		{
			"id": "1357173583169150986",
			"text": "@Estadao @EstadaoEsporte Meu Deus esse narrador é Sulista? Só pra saber mesmo"
		},
		{
			"id": "1357173504785981440",
			"text": "@Estadao @EstadaoEsporte Não bota a foto da vítima de racismo. Bota a do racista."
		}
	],
	"meta": [
	{
		"newspaper": "estadao",
		"topic": "raca",
		"date": "4-2-21",
		"result_count": 12
	}
	]
}