{
	"data": [
		{
			"id": "1269322358579396609",
			"text": "@folha No Brasil o racismo é bastante seletivo. Ocorre principalmente nas classes mais abastadas e tem origem na criação e educação dos seus filhos em bairros, escolas e clubes praticamente sem convivência com negros. No Brasil, os abastados não tem raça, etnia ou cor e convivem bem"
		},
		{
			"id": "1269324969592455170",
			"text": "@folha As vezes tá no discurso que agente repete sem notar. Ou nas coisas que vemos como 'normais' porque nos é confortável ou simplesmente nunca paramos p enxergar o errado. Mas como SERES HUMANOS podemos e devemos mudar. Por isso agradeço toda a aula q vcs nos dão nesses dias.."
		},
		{
			"id": "1269334422408568832",
			"text": "@folha Reconhecer os próprios preconceitos é um exercício difícil. Mas é a única maneira de reconhece-los tbm na sociedade. Todos crescemos cercados de preconceitos, estereótipos e hipocrisia. É necessário reflexão."
		},
		{
			"id": "1269375024575713280",
			"text": "@folha O ser humano não deu certo. Nossa sociedade é hipocrita e covarde. Somos uns merdas que usa perfume para disfarçar o fedor da alma. O ser humano precisa ser ressetado, tem vírus demais no sistema."
		},
		{
			"id": "1269321065647529988",
			"text": "@folha Mas alguns que temiam ser taxados de racista, com a ascensão do líder racista do Brasil, estes estão saindo do armário."
		},
		{
			"id": "1269321065647529988",
			"text": "@folha Mas alguns que temiam ser taxados de racista, com a ascensão do líder racista do Brasil, estes estão saindo do armário."
		},		{
			"id": "1269321822711025664",
			"text": "@folha Esse racismo velado e a falta de políticas públicas só agrava essa situação. É preciso se incomodar com isso, chega de dominação e subordinação da raça negra. Parem de negar direitos e de nos matar."
		},
		{
			"id": "1269323844822728705",
			"text": "@folha Nós mestiços sabemos disso quando os radicias de esquerda e mesmo as midias negam que existimos mesmo que sejamos 75% da população brasileira... tentam fingir que somos negros este é o pior racismo o que nega a existência de um grupo tão numeroso e significativo por ideologia."
		},
		{
			"id": "1269366888884305922",
			"text": "@folha Hipocrisia. A sociedade dos hipócritas, que não enfrentam os problemas que assolam o país. Isso ocorre em todas as áreas: “fingirmos” não significa que não exista ou que irá desaparecer num passe de mágica"
		},
		{
			"id": "1269320573856825345",
			"text": "@folha Sinceramente eu não vejo onde tá todo esse racismo q se fala tanto."
		},
		{
			"id": "1269321224032784386",
			"text": "@folha 'Nao sei onde está esse racismo' disse o branco, casado com branca e com filha branca, parece até o meme da Barbie e do Ken"
		},		
		{
			"id": "1269322734800076800",
			"text": "@folha Racista adora aquele mantra: ah, mais eu tenho amigos negros, meu bisavô por parte de pai era negro!"
		},	
		{
			"id": "1269328696260923393",
			"text": "@folha VITIMISMO sim,  agora e racismo ??"
		},	
		{
			"id": "1269391964279103490",
			"text": "@folha Tô com o saco cheio com esta merda de racismo. Vão vá merda."
		}		
	],
	"meta": [
	{
		"newspaper": "folha",
		"topic": "raca",
		"date": "6-6-20",
		"result_count": 14
	}
	]
}