{
	"data": [
		{
			"id": "1231602861408243714",
			"text": "@folha Temos motivos pra ter os dois pés atrás com 'crentes' bolsominions"
		},
		{
			"id": "1231606567486869504",
			"text": "@folha O sofrimento do evangélico num país em 90% do país é cristão e onde possuem uma bancada de mais 200 parlamentares 😭😭😭😭"
		},
		{
			"id": "1231619545997115394",
			"text": "@folha Não tenho preconceito contra Crente, tem até uma (agência Bancária), digo Templo Religioso perto de casa e eu passo na calçada de boa!"
		},
		{
			"id": "1231637843149295617",
			"text": "@folha Preguiça de crente. Pelo que percebo eles querem impor o estilo de vida deles para os outros. Só eles prestam. Uns m%#*~"
		},
		{
			"id": "1231646888878858240",
			"text": "@folha Pq será que as pessoas estão com horror a crente né 😒"
		},
		{
			"id": "1231648069629902849",
			"text": "@MuitoFranka @folha @AlexLopeiro Tenho horror a crentelho pentelho que me convida a participar de culto, ler biblia e orar em publico. E mais horror a politico crentelho que lidera a manada."
		},
		{
			"id": "1231640066570756098",
			"text": "@folha Eu sofro de crentefobia no grau mais elevado..Aff.. Quero distância dessa gente hipócrita.."
		},
		{
			"id": "1231985660459933696",
			"text": "@folha ue gnt mas os intolerantes n são eles? cada coisa viu"
		},
		{
			"id": "1231602608227397632",
			"text": "@folha Os espíritas, principalmente, os umbandistas sofrem muitos mais preconceito e são bem mais discriminados."
		},
		{
			"id": "1231604032780763142",
			"text": "@folha crente nem é gente"
		},
		{
			"id": "1231616238712950784",
			"text": "@folha crentefobia existe sim eu mesmo não posso ver um na rua que já tenho vontade de cuspir na cara"
		},
		{
			"id": "1231604747225960449",
			"text": "@folha Dá medo deste crente atual. São pessoas manipuláveis é está visão que tenho. Com raras exceções."
		},
		{
			"id": "1231608722377539585",
			"text": "@folha Essa dado de a maioria dos jovens serem evangélicos é um prenúncio da merda de futuro desse país, involuindo"
		},
		{
			"id": "1231611269200990209",
			"text": "@folha Crentes que seguem o cristianismo, são diferentes dos crentes 'de fachada'!"
		},
		{
			"id": "1231612500661108738",
			"text": "@folha Acham que tudo deve ser baseado na religião deles, devem aprender a conviver com outras crenças, respeitarem, de querer impor suas crenças para outras pessoas."
		},
		{
			"id": "1231621858107232256",
			"text": "@folha Como é difícil a vida do crente 😂😂"
		},
		{
			"id": "1231622154019655681",
			"text": "@folha Mimimizentos"
		},
		{
			"id": "1231628593559752707",
			"text": "@folha Não tenho culpa se os piores seres humanos que já conheci sempre são evangélicos."
		},		
		{
			"id": "1231633010056925184",
			"text": "@folha Eles é que são os preconceituosos, intolerantes e intransigentes."
		},	
		{
			"id": "1231635067761569799",
			"text": "@folha o preconceito religioso existe forte no Brasil, mas ele é PRATICADO pelos evangélicos, contra as outras religiões, principalmente umbanda e candomblé, é isso."
		},	
		{
			"id": "1231638766877577223",
			"text": "@folha Grande problema é a generalização. Achar que todos os evangélicos são da linha 'milagres + dinheiro' é um redondo engano."
		},	
		{
			"id": "1231671793741680641",
			"text": "@folha Uhum, e racismo com brancos também existe"
		},	
		{
			"id": "1231681114089164805",
			"text": "@folha Se os crentes não tentassem impor suas crenças ao resto do país, não haveria preconceito algum."
		},	
		{
			"id": "1231682290356563968",
			"text": "@folha Existe coisa mais chata do que conviver com evangélico que todo dia tenta te arrastar pra igreja dele?"
		},	
		{
			"id": "1231699834094149638",
			"text": "@folha Infelizmente os crentes são os mais preconceituosos e intolerantes... não deveria ser assim, mas de fato o são"
		},	
		{
			"id": "1231676008274808838",
			"text": "@folha Eu não tenho nenhum preconceito religioso, tenho e medo de alguns tipos que, em nome de Jesus e em busca d poder, estao criando um exército de fanáticos, exército oficial, num estado LAICO"
		},		
		{
			"id": "1231614890869231624",
			"text": "@folha No próprio meio religioso existem muitas pessoas preconceituosas. Tem preconceito com quem tem tatuagem, com quem usa brincos e piersing, com homoxeuasis, trans, com música etc..."
		},	
		{
			"id": "1231614612765802496",
			"text": "@folha Republica Evangélica do Bolsonaristão"
		}		
	],
	"meta": [
	{
		"newspaper": "folha",
		"topic": "religiao",
		"date": "23-2-20",
		"result_count": 28 		
	}
	]
}