{
	"data": [
		{
			"id": "1349766121734471681",
			"text": "@folha HAHAHAHAHAHAA"
		},
		{
			"id": "1349766478137077760",
			"text": "@folha me poupe"
		},
		{
			"id": "1349767280775876612",
			"text": "@folha O véi! Kkkkkk"
		},
		{
			"id": "1349769336551038978",
			"text": "@folha Pior q só chupinharam de outro canal gringo. Um monte de guria tá reclamando e dizendo que estão 'jobless' há mais de 5 anos e faturando como nunca"
		},
		{
			"id": "1349769589136252933",
			"text": "@folha 'Ainnn eu fui obrigada a fazer isso....'"
		},
		{
			"id": "1349768241892225026",
			"text": "@folha Só pra mostrarem a pepeka"
		},
		{
			"id": "1349768373517869058",
			"text": "@folha Prostituicao sempre quebrando um galho, como sempre."
		},
		{
			"id": "1349768176276484099",
			"text": "@folha Isso não é machismo ? Dizer que a mulher em dificuldade financeira não sabe fazer outra coisa que não seja se prostituir?"
		},
		{
			"id": "1349766850972946432",
			"text": "@folha Por isso que ninguém leva vocês a sério @folha."
		},
		{
			"id": "1349767846159650818",
			"text": "@folha Ahahahaha A profissão mais antiga do mundo, continua dando $$$."
		},
		{
			"id": "1349777584599543809",
			"text": "@folha Recebem em dólar?"
		},
		{
			"id": "1349841422212591621",
			"text": "@folha Prostituição é a saida kkkkkkkkkkkkkkk"
		},		
		{
			"id": "1349766619640320004",
			"text": "@folha prostituiçao virtual"
		}		
	],
	"meta": [
	{
		"newspaper": "folha",
		"topic": "mulheres",
		"date": "14-1-21",
		"result_count": 13
	}
	]
}