{
	"data": [
		{
			"id": "1303828215937597441",
			"text": "@folha E tem cristão que fala que sofre intolerância religiosa nesse país kkkkk"
		},
		{
			"id": "1303828890717245440",
			"text": "@folha O fundamentalismo religioso fazendo estrago e a esquerda deixando os bispos mais ricos, atacam umbandista, gay, criança estuprada."
		},
		{
			"id": "1303828954822967296",
			"text": "@folha Normalmente, intolerantes religiosos não escondem seus atos, pois os consideram uma missão sagrada, um ato divino. Pode ser, mas não aposto nisso."
		},
		{
			"id": "1303828957482102789",
			"text": "@folha Vamos apostar quanto que tem dedo de gente 'cristã' nessa..."
		},
		{
			"id": "1303829421871243269",
			"text": "@folha Imagina se fosse o pessoal da umbanda queimando uma igreja evangélica/católica..."
		},
		{
			"id": "1303829931575697415",
			"text": "@folha É o Evangelistao!"
		},
		{
			"id": "1303830684570656769",
			"text": "@folha TEM GENTE QUE TEM, NO SANGUE, O ÓDIO."
		},
		{
			"id": "1303831390363025415",
			"text": "@folha O Cristianismo é uma doença, um câncer que precisa acabar !!! 🤬"
		},
		{
			"id": "1303831442594635778",
			"text": "@folha Religiões deveriam ser proibidas. Todas."
		},
		{
			"id": "1303831452417765376",
			"text": "@folha Só para saber: quantas igrejas evangélicas já foram queimadas só esse ano no Rio de Janeiro? Pois terreiros foram muitos."
		},
		{
			"id": "1303831973455163392",
			"text": "@folha Bolsonaro é Evangélico"
		},
		{
			"id": "1303835460326875136",
			"text": "@folha Mais um dia normal, num país comandado por piromaniacos"
		},
		{
			"id": "1303835592506122240",
			"text": "@folha Que aperto no meu coração umbandista. :("
		},
		{
			"id": "1303840194592899074",
			"text": "@folha Ninguém põe  fogo em igreja evangélica. Por que será?"
		},		
		{
			"id": "1303839362879303681",
			"text": "@folha Sou contra qualquer tipo de intolerância religiosa. Não é certo atacar os evangelicos, pois vocês estão apenas mostrando o monstro que habita em vocês. Também não achei certo queimar o terreiro dos umbandistas. Duvido que haja um Deus rancoroso como alguns pregam."
		},
		{
			"id": "1303828736605859840",
			"text": "@folha Cadê as provas que foram pessoas evangélicas? Preconceito religioso, check."
		},
		{
			"id": "1303848569594621953",
			"text": "@folha Aposto que foi ato praticado por crentes"
		}		
	],
	"meta": [
	{
		"newspaper": "folha",
		"topic": "religiao",
		"date": "10-9-20",
		"result_count": 17  		
	}
	]
}