{
    "data": [
        {
            "id": "1342606645235511301",
            "text": "@folha Esse “deputado” tem que ser cassado. E aí @AssembleiaSP ?"
        },
        {
            "id": "1339723078100774912",
            "text": "@folha kkkkkkkkk! Ela é do PSOL? Tá explicado."
        },	
        {
            "id": "1339730268077342722",
            "text": "@folha Apalpada onde? Parem de passar pano na manchete."
        },	
        {
            "id": "1339759703593762818",
            "text": "@folha A folha só serve pra passar pano pra vagabundo e defender fascista."
        },	
        {
            "id": "1339713473828237312",
            "text": "@folha Bandido!"
        },	
        {
            "id": "1339716879317946370",
            "text": "@folha Ele tem q ser preso"
        },	
        {
            "id": "1339725015428845573",
            "text": "@folha Ele não pediu desculpas pelo assédio, ele mentiu dizendo que abraçou. Melhore essa manchete, Folha!"
        },	
        {
            "id": "1339740447401512962",
            "text": "@folha O safadão teve clara intenção do ato, dá pra ver que foi meditado, pois seu colega ainda tenta impedir ele de ir."
        },	
        {
            "id": "1339797916312096768",
            "text": "@folha A gente aceita as desculpas se ele for cassado."
        },	
        {
            "id": "1339762385343623174",
            "text": "@folha isso, tem que mostrar a foto, o partido, o nome!"
        },	
        {
            "id": "1339714325930455042",
            "text": "@folha Até pegar no ombro ou qualquer toque fraternal é chamado de assédio. Criaram uma divisão e um conflito entre mulheres e homens. Luta de classes"
        },	
        {
            "id": "1339714514510630912",
            "text": "@folha Apalpada no seio? Tô vendo o vídeo pela vigésima vez e ainda não achei essa parte."
        },	
        {
            "id": "1339715929538752512",
            "text": "@folha Foi essa que rebolou o cu no funk do Boulos??? a ...ta..."
        },			
        {
            "id": "1339731438615351302",
            "text": "@folha NAO IDIOTA.... ELA PARECE PUTA... SE VC ACHA PASSAR PANO SER PUTA... PROBLEMA SEU"
        },	
        {
            "id": "1339740296582709248",
            "text": "@folha Diz ela. Não foi o que vemos no vídeo."
        },	
        {
            "id": "1339715592799080449",
            "text": "@folha Pergunta pra esse cabra que nome se dá a gente da laia dele? Salafrário? Ordinário? Fdp? Canalha? Corno frouxo?"
        },	
        {
            "id": "1339719458567450626",
            "text": "@folha Esse porco, nojento tinha que ser preso na hora."
        },	
        {
            "id": "1339742527130353664",
            "text": "@folha Há maldade está nos olhos de quem vê."
        },	
        {
            "id": "1339762694489071618",
            "text": "@folha É o sujo falando do mal lavado. Esquerdistas, progressistas..."
        },	
        {
            "id": "1339729232239480838",
            "text": "@folha Que mau gosto, ela é feia e sebosa!"
        },
        {
            "id": "1339729938438631424",
            "text": "@folha Têm que ser cassado e depois caçado e morto. Estupradores e assediadores devem morrer."
        },	
        {
            "id": "1339732405347889154",
            "text": "@folha Vai desculpar a atitude desse canalha?"
        }			
    ],
    "meta": [
	{
		"newspaper": "folha",
		"topic": "mulheres",
		"date": "18-12-20",
        "result_count": 22
    }
	]
}