{
	"data": [
		{
			"id": "1358827677357080579",
			"text": "@folha O próprio @jairbolsonaro deveria fazer um dos cursos: o de alfabetização."
		},
		{
			"id": "1358610623513456642",
			"text": "@folha #ForaBolsonaro"
		},
		{
			"id": "1358597605014568965",
			"text": "@emersonfurtado7 @folha Se não sabe como funciona o sistema de reservas fracionadas não fala merda, seu imundo"
		},
		{
			"id": "1358564579220082689",
			"text": "@folha KKK bora pagar ônibus com os 200 pra ir até o curso e continuar passando fome"
		},
		{
			"id": "1358561456044843014",
			"text": "@folha É um bando de alienado que odeia pobre."
		},
		{
			"id": "1358545314051940356",
			"text": "@folha Vão pra rua e quebrem tudo até eles pagarem pro povo ficar em casa rs"
		},
		{
			"id": "1358545142202986496",
			"text": "@folha Resumindo quer dar um engana trouxa. Bolsonaro sendo Bolsonaro."
		},
		{
			"id": "1358536848621117440",
			"text": "@folha Manda esses mísera enfiar esses 200 no rabo deles logo fdp"
		},
		{
			"id": "1358532980193570816",
			"text": "@likeazombie @folha Na real nem é burrice né, é perversidade purinha."
		},
		{
			"id": "1358532863713501184",
			"text": "@likeazombie @folha Pois é, e aí sai essas burrices como se o auxílio desestimulasse a gente a trabalhar. Nem os 600 bancam uma vida com dignidade, quem dirá esses 200 aí."
		},
		{
			"id": "1358531296927096832",
			"text": "@folha R$ 200 não dá para absolutamente nada"
		},
		{
			"id": "1358530500999208962",
			"text": "@jusantana_js @folha isso é ódio de classe puro como se o pobre só fosse pobre pq é acomodado"
		},
		{
			"id": "1358530241237569540",
			"text": "@vortumna0 o pobre fica acomodado com 200 reais"
		},
		{
			"id": "1358525318022201346",
			"text": "@folha Um programa de auxílio emergencial não deveria exigir nada do cidadão, até pq a gente nem sabe se as pessoas, incluindo Bolsonaristas, que receberam o auxílio de forma irregular, devolveram ou foram responsabilizados legalmente."
		},
		{
			"id": "1358522907878694912",
			"text": "@folha a ideia de q o desemprego é culpa do indivíduo q não se qualificou né como se não tivesse engenheiro dirigindo uber"
		},
		{
			"id": "1358522332596297731",
			"text": "@folha Governo de milicianos criminosos e de um verme que ganha salario de parlamentar durante 30 anos!"
		},
		{
			"id": "1358520731399815174",
			"text": "@folha Presidente tá precisando de vários cursos"
		},
		{
			"id": "1358520659295563781",
			"text": "@folha KKKKKKKKKK VAI TOMAR NO CU, BOLSONARO ."
		},
		{
			"id": "1358519659415416832",
			"text": "@folha Bilhões para o centrão e 200 conto para quem necessita e paga mais impostos."
		},
		{
			"id": "1358519397078466561",
			"text": "@folha Vota em palhaço que ele te trata como circo."
		},
		{
			"id": "1358515247414468609",
			"text": "@folha Bolsonaro é filho do capeta."
		},
		{
			"id": "1358515021920223232",
			"text": "@folha Curso do meu cu!porque eu pago autonomia todo mes?e para bancar seu salario? E desses vagabundos ai?desgracado,maldito,nogento,irrepugnante."
		},
		{
			"id": "1358514274742788098",
			"text": "@folha @CGuedes1906 E Bolsonaro irá fazer curso de presidente do Brasil?"
		},
		{
			"id": "1358514211182284804",
			"text": "@folha É quase um vale gás."
		},
		{
			"id": "1358513549191053312",
			"text": "@folha canalhas"
		},
		{
			"id": "1358513414084194304",
			"text": "@folha Um curso pra aprender como compra $1.5 bilhoes sem ser responsabilizado ?"
		},
		{
			"id": "1358512847978967044",
			"text": "@folha 200,00 aluguel 400 ou mais, fora agua luz e comida salario deputado 33 mil, judiciario 40 mil digo mais nada"
		},
		{
			"id": "1358512774897369095",
			"text": "@folha Outrora o valor era de R$ 600 durante 6 meses R$ =3.000,00 Agora R$ 200 durante três meses R$=600"
		},
		{
			"id": "1358512767364399109",
			"text": "@folha Desgoverno vagabundo"
		},
		{
			"id": "1358512063937667077",
			"text": "@folha Nessas horas vemos quanto presidente é retardado."
		},
		{
			"id": "1358511528631291905",
			"text": "@folha Auxílio miséria, miséria emergencial... Não faltam nomes!"
		},
		{
			"id": "1358511310191878144",
			"text": "@folha A turma do PT nao gosta de estudar."
		},
		{
			"id": "1358511222631587841",
			"text": "@folha Curso sobre como escapar da fome?"
		},
		{
			"id": "1358511220161191937",
			"text": "@folha Bolsonaro gosta tanto de pobre que ele tá fazendo o possível pra manter a maior quantidade de gente na pobreza."
		},
		{
			"id": "1358510931848945666",
			"text": "@folha De novo isso? É inacreditável que ninguém perceba essa enrolação. 🤨"
		},
		{
			"id": "1358510920599810052",
			"text": "@detratorunknown @folha Nem estou acreditando nisso. É muito acefalo mesmo."
		},
		{
			"id": "1358510339407675392",
			"text": "@folha VSF cambada de MERDAS"
		},
		{
			"id": "1358510305681305602",
			"text": "@folha E tem FDP que defende esse merda"
		},
		{
			"id": "1358509898418520064",
			"text": "@folha O bolsonarismo realmente quer exterminar os brasileiros."
		},
		{
			"id": "1358509678586712066",
			"text": "@folha Não existe plano econômico. Existe projeto de dominação neoliberal."
		}
	],
	"meta": [
	{
		"newspaper": "folha",
		"topic": "politica",
		"date": "7-2-21",
		"result_count": 41
	}
	]
}