{
    "data": [
        {
            "id": "1318507696937701376",
            "text": "@folha Ridículo. São clássicos!!!"
        },
        {
            "id": "1318508606086664192",
            "text": "@folha Povo doente. Complica até desenho animado"
        },
        {
            "id": "1318516167888277504",
            "text": "@folha Mimii chato do caramba"
        },
        {
            "id": "1318516625675554816",
            "text": "@folha Vão tomar no c. ú..."
        },
        {
            "id": "1318519256582135811",
            "text": "@folha Que ridículo..."
        },
        {
            "id": "1318522476985548800",
            "text": "@folha Educando as novas gerações, já que as atuais são caso perdido."
        },
        {
            "id": "1318595345430007811",
            "text": "@folha Gente...Que coisa, viu?!? Como tem pessoas que fazem o mundo ficar complicado!!!"
        },
        {
            "id": "1318506466819661827",
            "text": "@folha Sério, as pessoas estão muito doentes!!! Tudo tem que envolver racismo...Triste!!!"
        },
        {
            "id": "1318508616949862405",
            "text": "@folha Geraçãozinha chata e MIMIzenta. "
        },
        {
            "id": "1318550414242029570",
            "text": "@folha Em um filme da Disney tem até criança 'negra' sendo tratada como servente. O único personagem que parecia ser um escravo foi retratado como negro e cheio de estereótipos em um filme que não tinha nada a ver com isso."
        },			
        {
            "id": "1318528284515356672",
            "text": "@folha Finalmente, com atraso de 80 anos, mas admitiu os filmes racistas que faziam."
        },
        {
            "id": "1318506751692505089",
            "text": "@folha Tudo é racismo, homofobia, misoginia...vtnc"
        },
        {
            "id": "1318506988440006656",
            "text": "@folha O mundo tá chato praCarai heim!"
        },
        {
            "id": "1318508475933249536",
            "text": "@folha Frescura da porra."
        },
        {
            "id": "1318508475933249536",
            "text": "@folha @hrpjquim Concordo Homem branco priveligiado"
        },
        {
            "id": "1318507583846711297",
            "text": "@folha Melhor que destruir ou deformar a história é colocá-la em contexto. Sim, os filmes são racistas e devem ser vistos como produto de uma época bem mais ignorante que a atual."
        },		
        {
            "id": "1318508998694457344",
            "text": "@folha Putz a demência da mídia progressista chegou até lá kkkk povo doido."
        },	
        {
            "id": "1318536922839515138",
            "text": "@folha Agora a galera vai assistir desenho procurando quem é o racista, ao invés de se divertir. Essa vai ser a geração mais sensível e fresca da história."
        },	
        {
            "id": "1318724531805147136",
            "text": "@folha Tudo agora é racismo, quanta chatice, daqui a pouco até olhar pra um negro vai ser considerado racismo!"
        },	
        {
            "id": "1318622185993490437",
            "text": "@folha Pobre Walt Disney,  o que virou a sua obra...também,  o tipo de gente que controla a empresa faz parte da galera lacradora. 💩"
        },	
        {
            "id": "1318505915390328833",
            "text": "@folha Vai começar o festival de comentários grotescos contra politica da Disney, em 3, 2, 1 ..."
        },	
        {
            "id": "1318529498871201793",
            "text": "@folha Melhor do que retirá-los.."
        },	
        {
            "id": "1318542926033653761",
            "text": "@folha kkk. Disney tem que acabar."
        },	
        {
            "id": "1318508602601230340",
            "text": "@folha Absurdo"
        }        	
    ],
    "meta": [
	{
		"newspaper": "folha",
		"topic": "raca",
		"date": "20-10-20",
        "result_count": 24
    }
	]
}