{
	"data": [
		{
			"id": "1356823506147811329",
			"text": "@folha Inveja da potência!"
		},
		{
			"id": "1356813484814708736",
			"text": "@folha pq os blogueiros não usam o termo 'conservador'? Dói?"
		},
		{
			"id": "1356796659640991745",
			"text": "@folha Eita mundo desgraçado essa esquerda, ...tudo é ataque 'politicamente correto' uma ova"
		},
		{
			"id": "1356788310367236097",
			"text": "@folha Homi."
		},
		{
			"id": "1356776950187057152",
			"text": "@lwickhaus Eita, parece que eu sou bloqueado pelo perfil que você mencionou. :( Agora você pode me enviar uma url/link que eu te respondo com um link."
		},
		{
			"id": "1356751733951770624",
			"text": "@folha Blá blá blá"
		},
		{
			"id": "1356738267333480448",
			"text": "@alanbuk2 @folha Verdade. Mulheres trans são mulheres. Homens trans são homens. Que bom que entendeu."
		},
		{
			"id": "1356737976177463298",
			"text": "@folha @ErikakHilton O povo da 'terra plana' precisa aprender a colocar os pés no chão e enxergar o mundo fora do próprio umbigo. O respeito às pessoas, à diversidade, veio para ficar. O que não tem mais lugar neste planeta é o preconceito."
		},
		{
			"id": "1356737369840496641",
			"text": "@folha @ErikakHilton O que se pode esperar de um terraplanista? Nada de racional, muito menos intelectual..."
		},
		{
			"id": "1356737189703528448",
			"text": "@folha Essa vereadora fundamentalista sonaira republicanos que lamentavel dinheiro publico gasto com discurso vazio enquanto familias na cidade de são paulo estão precisando de auxilio numa pandemia, parece que a cidade de SP não tem problemas . Erika Hilton merece respeito"
		},
		{
			"id": "1356735811350315008",
			"text": "@alanbuk2 @folha Queria, mas e os argumentos? https://t.co/6QCSrc1DR3"
		},
		{
			"id": "1356735558349955074",
			"text": "@lucas_rochago @folha Drogado ."
		},
		{
			"id": "1356735488061804544",
			"text": "@lola_direita @folha Te manka gata, vc não passa de uma palhaça pra esse povo q vc segue/apoia. Vc é uma piada!"
		},
		{
			"id": "1356735133848584194",
			"text": "@folha 'meninos tem penis e meninas tem vagina'"
		},
		{
			"id": "1356734968093954053",
			"text": "@alanbuk2 @folha Mulher trans é mulher, travesti é travesti, homem trans é homem e transmaculino é masculino, não binário é nb não binária tbm não bináre..."
		},
		{
			"id": "1356734484071211008",
			"text": "@alanbuk2 @folha Frango é frango e boneka é boneka"
		},
		{
			"id": "1356730350475558914",
			"text": "@folha @ErikakHilton Força, vereadora Érika. Você foi a mulher mais votada, eleita democraticamente. O esgoto da política brasileira que chore."
		},
		{
			"id": "1356729767249260547",
			"text": "@lola_direita @folha ninguém te perguntou nada"
		},
		{
			"id": "1356725548106530816",
			"text": "@folha Em 13/06/19 o STF equiparou a homofobia aos crimes previstos na lei n º 7.716/89, a Lei Antirracismo; onde qualquer discriminação contra raça, cor, etnia, religião ou procedência social, A punição podendo alcançar até cinco anos de reclusão, sendo crime inafiançável."
		},
		{
			"id": "1356722750056980480",
			"text": "@folha Virou pasquim mesmo!"
		},
		{
			"id": "1356722057615204354",
			"text": "@RJC64418511 @folha Já pensou na câmara dos deputados?! Pela putaria de ontem...ela iria fazer o que?! Chorar?!"
		},
		{
			"id": "1356721565090594823",
			"text": "@folha O que esperar de um bolsonarista: elogios?  😂😂😂😂😂 Acordam povo!"
		},
		{
			"id": "1356721331727962116",
			"text": "@folha E dizer a verdade agora é ataque?! Pelo visto ela está correta!!!"
		},
		{
			"id": "1356721016983216131",
			"text": "@alanbuk2 @folha E idiota é idiota"
		},
		{
			"id": "1356720980173983744",
			"text": "@folha Deputado Luiz Durão q levar menor de idade para motel q presidir comissão de segurança da assembleia legislativa do governo Casagrande. Nada mal para um estado onde em média 3 mulheres são estupradas por dia. https://t.co/0a3QMVUm5S..."
		},
		{
			"id": "1356720897923678208",
			"text": "@bno_vgs UOL: (2 min) Ataque indireto de vereadora bolsonarista a colegas trans marca 1ª sessão da Câmara de SP em 2021 https://t.co/m6R0ayUYIp  Considere assinar a Folha: https://t.co/EsqkNk2T8X"
		},
		{
			"id": "1356720266739597312",
			"text": "@folha 'Sonaira Fernandes diz que agenda globalista pretende 'feminilizar o homem e masculinizar as mulheres'  Ué? Já temos o Fiuk como exemplo, basta ver o vídeo patético da bosta do BBB que circula na internet."
		},
		{
			"id": "1356719828279709704",
			"text": "@folha Falar a verdade agora é ataque indireto! Quanto mimimi, Folha ."
		},
		{
			"id": "1356719650357317632",
			"text": "@alanbuk2 @folha e vc é um retardado..."
		},
		{
			"id": "1356719618698719240",
			"text": "@folha Falidos e o ataque do calça apertada fez a prefeita vcs falao alguma coisa boa se laska"
		},
		{
			"id": "1356719446941978625",
			"text": "@folha https://t.co/0Vo09JfH0d"
		},
		{
			"id": "1356719048575356931",
			"text": "@folha Políticos se atacam mesmo. Se essa trans não está preparada para isso não deveria ter escolhido essa profissão"
		},
		{
			"id": "1356718939838050306",
			"text": "@folha https://t.co/9jBIZa1NRU #cnnbrasil #cnnprimetime"
		},
		{
			"id": "1356718934666412041",
			"text": "@folha Canalhas fascistas ,bolsonaristas imundos"
		},
		{
			"id": "1356718674829271041",
			"text": "@folha Erika Hilton NÃO me representa!"
		},
		{
			"id": "1356718559083311105",
			"text": "@folha Um beijo, um beijo, um beijo prAs travesti ❤ https://t.co/EVTCgRz3tH"
		},
		{
			"id": "1356718510353825795",
			"text": "@folha https://t.co/qUmoHwdBW0"
		},
		{
			"id": "1356718423326265346",
			"text": "@folha Começou o mimimi 🤢🤮🤮🤮"
		},
		{
			"id": "1356718156727922688",
			"text": "@folha Homem é homem e mulher é mulher ."
		},
		{
			"id": "1356718078671937536",
			"text": "@folha Os bois pensam que a democracia vale só pra eles"
		},
		{
			"id": "1356717915630931968",
			"text": "@folha “Indireto” sério isso ?? Mídia chorume"
		}
	],
	"meta": [
	{
		"newspaper": "folha",
		"topic": "lgbtq",
		"date": "2-2-21",
		"result_count": 41
	}
	]
}