{
	"data": [
		{
			"id": "1356335071603675139",
			"text": "@g1 A turma da globolixo todinha ai  em"
		},
		{
			"id": "1356193194187350018",
			"text": "@g1 https://t.co/x58dUItaL7"
		},
		{
			"id": "1356019846153166848",
			"text": "@Albert_sid20 @Gustav0_c4str0 @samuka1503 @g1 O país é MEGA transfobico, o Brasil é um país grande, existem mais dados da taxa de criminalidade e é óbvio que mais grupos seriam afetados mas não da pra negar que a transfobia motiva muitas dessas mortes."
		},
		{
			"id": "1356006196436721666",
			"text": "@samuka1503 @g1 Por ser hétero? Pq as travestis morrem por ser quem são já hétero....."
		},
		{
			"id": "1356005824863342595",
			"text": "@renascymento @Wilton_Barreira @g1 Algumas mulheres morreram por ser só quem são tbm"
		},
		{
			"id": "1355903539621613573",
			"text": "@nightcatra @g1 Sai daqui TRAVECÃO!!!!"
		},
		{
			"id": "1355674336926052353",
			"text": "@g1 Infelizmente"
		},
		{
			"id": "1355635756207927299",
			"text": "@g1 Maravilhoso se pudesse abraçava todos."
		},
		{
			"id": "1355372279673348097",
			"text": "@Sevenexil3 @g1 Não. Nao vou calar a boca é ninguém vai, muito menos você. Lide com o contraditório."
		},
		{
			"id": "1355364251918102528",
			"text": "@g1 E as mulheres normais? E os policiais? E os homens? Quantos morrem diariamente?"
		},
		{
			"id": "1355359100255825924",
			"text": "@AprendeAi @g1 Não disse isso!! Disse que pessoas LGBTs morrer apenas por ser elas mesmos, LGBTs. Nenhuma pessoa vai morrer por ela ser Hétero. Apenas"
		},
		{
			"id": "1355352989259735044",
			"text": "@ViniciuVale @g1 Meu cala a boca. O hatero cis que não sofre um preconceito ao sair na rua, quer falar de causas alheias"
		},
		{
			"id": "1355350472438280197",
			"text": "@ViniciuVale @kndnesspvnk @g1 Amostragem! PQP! Mas temos um gênio."
		},
		{
			"id": "1355350045143535617",
			"text": "@OfertasLinks @hmirtao @brasileiromau @g1 - 183 mortos pela sua sexualidade. - Li os dados e não tem o motivo, alguns foram mortos por outros trans - Veja bem li agora e que diferença faz o motivo? Hahahahahahahahaahsh"
		},
		{
			"id": "1355337756919144450",
			"text": "@therebel1999 @ipikaiei @g1 sim sim alecrim os cientistas inventaram isso pra lacrar no twitter, tá certo 👍"
		},
		{
			"id": "1355330325820407809",
			"text": "@therealsalves @JoaoMarcelle @g1 Desculpe por ser homem,me perdoe fada sensata https://t.co/w71QgzFe0P"
		},
		{
			"id": "1355327462746554372",
			"text": "@DeuseDaLua @ChatoGay @g1 Quem te chamou, estrume?"
		},
		{
			"id": "1355327351853359107",
			"text": "@XxGusta62561640 @JoaoMarcelle @g1 comportamento bem típico de incelzinho idiota mesmo. vai lá bater punheta pro seu hentai, vai."
		},
		{
			"id": "1355326916333604864",
			"text": "@AlunirRelin @g1 Por isso que eu disse. Tá dentro da proporção. Ô (jênio)."
		},
		{
			"id": "1355326647017336843",
			"text": "@nightcatra @ipikaiei @g1 Gênero é feminino e masculino. O resto é invenção da modernidade progressista e de militante de Twitter. 😏"
		},
		{
			"id": "1355321621800775680",
			"text": "@85lirio @orizzih @g1 Não tô falando de sentimentos animal. Essas pessoas que morreram foram assasinadas,elas tinham amigos e famílias. Cadê a empatia????"
		},
		{
			"id": "1355318746055847938",
			"text": "@CatCand62920326 @orizzih @g1 Ninguém se importa pra sentimentos, platelminto."
		},
		{
			"id": "1355317763636658176",
			"text": "@g1 ' tantos comentários bostas. A maioria de homens. Ou são idiotas de berço ou gostam de fingir ser"
		},
		{
			"id": "1355315347117776910",
			"text": "@nightcatra @g1 Teu cool. Traveco"
		},
		{
			"id": "1355315303543152640",
			"text": "@CatCand62920326 @orizzih @g1 Ninguém se importa"
		}
	],
	"meta": [
	{
		"newspaper": "g1",
		"topic": "lgbtq",
		"date": "29-1-21",
		"result_count": 25
	}
	]
}