{
	"data": [
		{
			"id": "1356591334442827778",
			"text": "@g1 Esses atentados têm a mesma relação com os inúmeros feminicídios, com a morte da Marielle e tantos outros crimes similares. É a nossa nova marca, o 'MACHISMO' dos enrustidos e misóginos."
		},
		{
			"id": "1356420032574722051",
			"text": "@g1 Esse partido só tem boiola, traveco e sapatão?"
		},
		{
			"id": "1356349470062108678",
			"text": "@g1 Quem são os suplentes?"
		},
		{
			"id": "1356346281581535232",
			"text": "@poc_disfarsada @g1 Esquerda só próspera na mentira. Porque a esquerda não fala na campanha política que vai fazer um pacote de empobrecimento. No pacote está pior educação, pior aposentadoria, pior tudo? Porque se falar a verdade ninguém vota neles. E não teremos a ditadura da compra de votos"
		},
		{
			"id": "1356345594151919628",
			"text": "@poc_disfarsada @g1 A verdade dói. A esquerda só próspera na mentira. Porque o PT e o PSOL não falam na campanha política que eles vão prosperar a miséria? Porque eles não falam quanto mais miséria mais barata a compra de votos pelo bolsa família? Porque se eles falarem a verdade ninguém vota neles."
		},
		{
			"id": "1356328436185362432",
			"text": "@Fabio53579136 @g1 Kkkk meu deus, o brasileiro só regride... olha só o nível de ignorância do energúmeno. Kkk Quem gosta de miseria é o atual presidente, só aumentando o número de miseráveis no país, aumento da fome, enquanto ele dá $ pra comprar o centrão"
		},
		{
			"id": "1356316680474021890",
			"text": "@g1 Parece o Kleibson o feirante q joga bola com a gente toda quinta."
		},
		{
			"id": "1356311929627803650",
			"text": "@g1 Bolsonaro é o mandante"
		},
		{
			"id": "1356311759397793793",
			"text": "@g1 Combatem o preconceito de forma errada, por isso aparece esses Bolsobobo ai que governam o país. Enquanto não parar de agir de forma vitimista e buscando apenas holofotes, vao virar piada para a grande maioria. Talvez esse nao seja o caso mas..."
		},
		{
			"id": "1356311467520389122",
			"text": "@g1 'Parlamentares trans do psol'. Quem vota nesse tipo de gente? Qual explicação? https://t.co/EWGEjcE5Ha"
		},
		{
			"id": "1356311466266271744",
			"text": "@g1 Olha a carinha de cavalo"
		},
		{
			"id": "1356310796532375555",
			"text": "@Donzoao @g1 Provavelmente cidadãos de bem tentando fazer merda como sempre"
		},
		{
			"id": "1356310678575992832",
			"text": "@g1 Polícia de SP investiga se o céu é azul"
		},
		{
			"id": "1356310549743734793",
			"text": "@g1 Tinha que ser do PSOL. Partido Satânico Oriundo de Lúcifer (PSOL). PSOL também apoia a ditadura da compra de votos. Quanto mais miséria. Mais barata a compra de votos pelo bolsa família. Sem falar no pacote de empobrecimento da população. Pior educação, pior aposentadoria e etc."
		},
		{
			"id": "1356310501005910017",
			"text": "@CariocaFolgado @g1 Fake News"
		},
		{
			"id": "1356310312732000260",
			"text": "@g1 Um cara desse com idade de ser pai de família se vestindo de mulher. 🤦‍♂️"
		},
		{
			"id": "1356310118615363585",
			"text": "@g1 Deve ter sido o bolsonaro também ou a família dele ,porque vcs não falam logo ?"
		},
		{
			"id": "1356310066002096136",
			"text": "@g1 a policia bolsonarista? vai dizer que o psol atirou sozinho e  inventou historia p prender ela vai vendo e aguardem"
		},
		{
			"id": "1356309666054221824",
			"text": "@g1 O mais legal é a visibilidade da mídia  Quando o Holiday tomou um tiro dos amiguinhos do PSOL oque vcs noticiaram? A lembrei,nada"
		},
		{
			"id": "1356309444796289028",
			"text": "@g1 Achei que era aquelas fotos de pessoas do BBB, com as informações deles, estou paranóico"
		},
		{
			"id": "1356309138100379650",
			"text": "@g1 isso aí é um homem"
		}
	],
	"meta": [
	{
		"newspaper": "g1",
		"topic": "lgbtq",
		"date": "1-1-21",
		"result_count": 21
	}
	]
}