{
    "data": [
        {
            "id": "1359914582756720643",
            "text": "@g1 Já passou da hora de nós mulheres andarmos com algo pra nós defender na bolsa , pra esses demônios medida protetiva não serve pra nada !"
        },		
        {
            "id": "1359552108664602628",
            "text": "@AnarcoNutella @g1 Se brincar vai continuar matando."
        },
        {
            "id": "1359552590552453120",
            "text": "@g1 Pena de morte! Só assim os assassinos começam a pensar 2x antes de agir"
        },        
		{
            "id": "1359552761948499968",
            "text": "@g1 Covarde"
        },
        {
            "id": "1359548676251803662",
            "text": "@g1 Que triste isso"
        },
        {
            "id": "1359702493324836866",
            "text": "@g1 😭😭😭😭"
        },
        {
            "id": "1359549070021386240",
            "text": "@g1 O ser humano é um bicho que não deu certo."
        },
        {
            "id": "1359581391688720389",
            "text": "@g1 Avisou e ninguém denunciou a violência 🤔meu Deus 🙏"
        },
        {
            "id": "1359553564046163968",
            "text": "@g1 O porte de arma teria salvo a vida dela. Gostem ou não de armas."
        },		
        {
            "id": "1359562948998529027",
            "text": "@g1 Bolsominion"
        }			
    ],
    "meta": [
	{
		"newspaper": "g1",
		"topic": "mulheres",
		"date": "10-2-21",
        "result_count": 10 
    }
	]
}