{
    "data": [
        {
            "id": "1359854038746099717",
            "text": "@g1 Acabaram com uma das poucas coisas boas da Arábia Saudita."
        },
        {
            "id": "1359853890750074880",
            "text": "@g1 Nossa, é tão estranho pensar que esse tipo de coisa ainda existe."
        },
        {
            "id": "1359879455305588738",
            "text": "@g1 O Islamismo é uma ameaça a qualquer democracia, a única solução é um etnocídio completo em regiões muçulmanas"
        },
        {
            "id": "1359869617062219777",
            "text": "@g1 3 anos presa por defender o direito se dirigir; gente esse mundo é maluco demais!"
        },
        {
            "id": "1359856264910675970",
            "text": "@g1 Dentro de cem anos elas também poderão falar em público!"
        },
        {
            "id": "1359857213939015681",
            "text": "@g1 tomara que o juiz volte atrás"
        },
        {
            "id": "1359853993963487242",
            "text": "@g1 finalmente ela está livre pra acabar com os postes da cidade"
        },
        {
            "id": "1359856410444627969",
            "text": "@g1 De acordo com a esquerda a religião muçulmana e suas tradições da sharia são 100% defensáveis."
        },        
		{
            "id": "1359856531311845376",
            "text": "@g1 Fontes me informaram que os acidentes de trânsito aumentam 876%"
        },
        {
            "id": "1359861957084512257",
            "text": "@g1 Gozado que a militância esquerdista só reclama da cultura judaico cristão."
        },		
        {
            "id": "1359858531906781185",
            "text": "@g1 Lá na Arábia não tem acidente de trânsito...kkk"
        },	
        {
            "id": "1359864729599148032",
            "text": "@g1 Como a Globo, folha, partidos de esquerda e artistas se sentem com uma matéria dessa, quando eles defendem justamente esse tipo de regime político???"
        }		
    ],
    "meta": [
	{
		"newspaper": "g1",
		"topic": "mulheres",
		"date": "11-2-21",
        "result_count": 12
    }
	]
}