{
    "data": [
        {
            "id": "1356246451572105217",
            "text": "@g1 Vai virar moda é? Transa, cheira... passeia...  ai depois que o amor acaba diz que foi abusada 😂😂😂😂😂😂😂😂😂😂😂😂😂"
        },	
        {
            "id": "1356292227962695682",
            "text": "@g1 Foi abusada por anos e não fez nada com o magrelo? Preferiu a comodidade de ficar com o cara, por causa da fama e da grana 😌. E só agora resolveu 'desabafar'??? Ta me parecendo briga por uma pensão maior."
        },
        {
            "id": "1356281800369303559",
            "text": "@g1 🍪🍪🍪🍪🍪🍪 biscoito"
        },
        {
            "id": "1356391730527039489",
            "text": "@g1 Agora todo mundo denuncia abuso."
        },
        {
            "id": "1356557923397357570",
            "text": "@g1 Nada de se assustar vindo daquela ameba do Manson ele é um lixo e seus fãs também vão no mesmo saco."
        },
        {
            "id": "1356793470900457473",
            "text": "@g1 Vai tomar no cu Vagabunda"
        },
        {
            "id": "1356834326244175874",
            "text": "@g1 O lance é castrar esse vagabundo. A sociedade hipócrita se finge de pacífica enquanto esses vermes vão abusando e cometendo crimes."
        },
        {
            "id": "1356814395725271040",
            "text": "@g1 Esperar o que daquele lixo? Nem parece gente, parece que saiu do madmax kkkkkkkkkk"
        },
        {
            "id": "1356746039152246784",
            "text": "@g1 Por que diabos não fez a denuncia na época? Qual o problema? Está com contas atrasadas?"
        },
        {
            "id": "1356584990314741769",
            "text": "@g1 O processo ja esta acontecendo a anos"
        },
        {
            "id": "1356269821160251393",
            "text": "@g1 Ahannn... Foi... sei... tá bom"
        },
        {
            "id": "1356263960132116485",
            "text": "@g1 Força, Evan Rachel. Nunca entendi como uma mulher poderia namorar uma aberração como Marilyn Manson."
        },
        {
            "id": "1356253227981877249",
            "text": "@g1 Eu fui abusado pelo obstetra q me botou no mundo. Ele deu uns tapas na minha bunda quando eu ainda era um bebê."
        },
        {
            "id": "1356776577992900609",
            "text": "@g1 Namora um cara demente, drogado, traficante, bandido... E depois dá de vítima. Esperava oque?!"
        },
        {
            "id": "1356247425258815492",
            "text": "@g1 Nossa que merda... Espero que supere esse trauma/crime."
        },		
        {
            "id": "1356253473373884418",
            "text": "@g1 Nossa q decepção até curtia o som dele espero q ela fique bem"
        },
        {
            "id": "1356271834476531716",
            "text": "@g1 Eu pensei que esse cantor exdruxulo fosse um viado de marca maior."
        },	
        {
            "id": "1356615432409653249",
            "text": "@g1 Coragem de namorar esse escroto"
        },	
        {
            "id": "1356630247572135936",
            "text": "@g1 Homem é uma disgraça mesmo"
        }			
   ],
    "meta": [
	{
		"newspaper": "g1",
		"topic": "mulheres",
		"date": "1-2-21",
        "result_count": 19
    }
	]
}