{
	"data": [
		{
			"id": "1359188983109025796",
			"text": "@g1 Fora Bolsonaro.!!!!!  Impeachment já passou da hora!"
		},
		{
			"id": "1359149431065636866",
			"text": "@g1 Kkkkkk isso e uma piada kkkkk e os governadores e prefeitos vcs não cansam de passar vergonha ...tá chegando 2022 vai acabar. A mamata globolixo"
		},
		{
			"id": "1359148782315843589",
			"text": "@Alequix @Welling42875326 @g1 Todo ser humano com 2 neuronios sabe que pessoas pobres precisam pegar condução, que moram em casas lotadas com outras pessoas, não promover aglomeração não significa falar para elas não irem trabalhar, significa falar para os que PODEM ficarem o maximo possivel em casa"
		},
		{
			"id": "1359147888933302282",
			"text": "@g1 Com certeza tem acontecer um impeachment,  contra essa pessoa que chama presidente."
		},
		{
			"id": "1359141015907663875",
			"text": "@g1 Vão passar vergonha... Mais um pra gaveta"
		},
		{
			"id": "1359140003142656006",
			"text": "@Welling42875326 @g1 Oh eh oh vida de gado..."
		},
		{
			"id": "1359126015268827136",
			"text": "@g1 Antes tarde do que nunca! A omissão da classe médica é igualmente criminosa. Não poderiam ter deixado chegar a esse ponto."
		},
		{
			"id": "1359119759778930692",
			"text": "@g1 Como diz o Zagallo! Vão ter que me engolir até 2026kkkkk"
		},
		{
			"id": "1359114258643095554",
			"text": "@g1 Isso só n vai acontecer pq o governo inteiro tá corrompido"
		},
		{
			"id": "1359107569323769857",
			"text": "@g1 Globolixo, kkkkkkkk mais um pum"
		},
		{
			"id": "1359104519376896004",
			"text": "@g1 @jairbolsonaro  fora seu lixo impeachment já ainda quer pagar uma mixaria de 200 reais para as pessoas pobre FDP Safado queria ver vc e sua familia passar o mês com 200 reais seu desgraçado imprestável"
		},
		{
			"id": "1359101713152692224",
			"text": "@g1 O Monstro!"
		},
		{
			"id": "1359097779423952897",
			"text": "@vlucasrocha @ciceroneryjr @g1 E do jeito que o brasileiro é burro e maldito, bem capaz dele ganhar de novo"
		},
		{
			"id": "1359083180469411840",
			"text": "@Bebsbella @g1 É exatamente isso, infelizmente viramos a República das 🍌, chacota internacional, a lá @jairbolsonaro o genocida internacional número 1!!!"
		},
		{
			"id": "1359078126895190022",
			"text": "@SeverioDe @g1 Todos não. Só os genocidas que trabalharam pela morte da população! #ForaBolsonaroGenocida"
		},
		{
			"id": "1359077366681714689",
			"text": "@g1 @Karolconka e ele podem dar as mãos."
		},
		{
			"id": "1359077286214041605",
			"text": "@SeverioDe @g1 O cara tem que ser muito burro mesmo... Além de manipulado né? Vai dormir cabeça de ovo."
		},
		{
			"id": "1359076415807840256",
			"text": "@lucinha49906024 @g1 Chegou o robô"
		},
		{
			"id": "1359073391257522177",
			"text": "@g1 Esses pedidos só vão andar quando o povo puder ir às ruas. Por isso o presidente não quer vacinar a população."
		},
		{
			"id": "1359066285338951682",
			"text": "@g1 @ArthurLira_ vai babar o ovo dele até chegar em quantos?"
		},
		{
			"id": "1359039735558266883",
			"text": "@yodaantifacista @g1 O gigante levantou e voltou a dormir kkkk"
		},
		{
			"id": "1359005090699476992",
			"text": "@lucinha49906024 @g1 Grande maioria de que mulher, acorda! Vocês são maioria de votos válidos!"
		},
		{
			"id": "1359004689224851456",
			"text": "@DudaBernardii @g1 Ah e que ignorava o uso de máscaras em locais públicos, incentivava aglomeração."
		},
		{
			"id": "1359004271082094592",
			"text": "@g1 Amém 🙏 estamos de olho no BBB mas não esquecemos de você!"
		},
		{
			"id": "1359000001251336194",
			"text": "@g1 @janaviscardi Kkkkkkkkkkkkkkkkkkkkkkkkkkkkkkkkkkkkkkkkkkkkkkkk sempre tentando forçar a barra. #GloboLixo"
		},
		{
			"id": "1358996186879979522",
			"text": "@g1 Se o Maia não colocou, o q foi aposta do Bozo não vai botar pra frente nem a pau."
		},
		{
			"id": "1358989670395359234",
			"text": "@g1 Com Arthur Lira presidindo, podem protocolar 752 pedidos que não vai à frente... esse bosta não sai da presidência TÃO cedo! Pqp 🤦🏻‍♀️"
		},
		{
			"id": "1358988465879285765",
			"text": "@g1 Olha aí os verdadeiros heróis fazendo o que estes políticos (pagos e bem pagos) não tem coragem de fazer. Se vendem por cargo, alguns cometem até crime e ainda se acham na posição de dar exemplos a alguém. Por mais heróis assim"
		},
		{
			"id": "1358987490938478592",
			"text": "@g1 @janaviscardi Que fase, Jesus, que fase !!  Cada hora é um !!!"
		},
		{
			"id": "1358985890870231041",
			"text": "@ovo_carro @g1 Sem dúvida nem os animais estão aguentando esse desgoverno. Acabou com o Pantanal"
		},
		{
			"id": "1358985589761179648",
			"text": "@g1 #ImpeachmentBolsonaroUrgente"
		},
		{
			"id": "1358981825188810752",
			"text": "@g1 Pronto,agora vai 🤦🏽‍♀️"
		},
		{
			"id": "1358977434062905350",
			"text": "@g1 Se estribucha satanás, a falta de dinheiro do governo federal deixou os \"jornalistes\" doidos!!! Kkkkkkkkkkkkkk"
		},
		{
			"id": "1358974569978228737",
			"text": "@g1 Delícia"
		},
		{
			"id": "1358972023779848193",
			"text": "@g1 Não conheço mas já considero pakas"
		},
		{
			"id": "1358971418231332867",
			"text": "@g1 Mais 1, vai ser o record desse governo - números de pedidos de impedimento."
		},
		{
			"id": "1358970826817691650",
			"text": "@g1 Que esses médicos façam com esse pedido de impeachment o que a imprensa ta fazendo com as latas de leites moça. #BolsonaroAte2026"
		},
		{
			"id": "1358962555893473280",
			"text": "@g1 Ah é ? Então expliquem com que dinheiro o governo do Maranhão está construindo motéis mos presídios ao invés de socorrer a população? Por quê depois que Pazuelo foi inspecionar de perto as mortes por Covid no Estado , elas diminuíram em 99 por cento ?"
		},
		{
			"id": "1358962027159511043",
			"text": "@g1 @AndradeeRoberta Fora bolsonaro imcompetente"
		},
		{
			"id": "1358961520047255552",
			"text": "@g1 Alguém acredita que vá dar em algo?"
		},
		{
			"id": "1358960190121508865",
			"text": "@g1 BOLSONARO 2022"
		},
		{
			"id": "1358957804774653958",
			"text": "@pietroperduca @g1 muito bom, cara."
		},
		{
			"id": "1358957487349784582",
			"text": "@g1 #forabolsonaro"
		},
		{
			"id": "1358957323713212422",
			"text": "@SeverioDe @Felipepetros @g1 Brasil esta em 2ndo lugar como mais mortes, superando. 3ro em mais contaminações e vc esta usando esses pequenos picos tipicos de uma pandemia pra justificar. Vc n se importa com nada alem de ter razão. Pra vc, essa pandemia é so um jogo pro teu ego minusculo e burro. Boa noite."
		},
		{
			"id": "1358956099974680578",
			"text": "@g1 Pensa num grupo de médicos sem formação!"
		},
		{
			"id": "1358955881858220042",
			"text": "@g1 GloboLixo!!!"
		},
		{
			"id": "1358954670119653376",
			"text": "@g1 Tudo o que vcs acham,  lixo de site e de canal,  vcs e suas preferências políticas,  religiosas e sexuais"
		},
		{
			"id": "1358952557624852482",
			"text": "@Bebsbella @g1 Concordo plenamente"
		},
		{
			"id": "1358950945267331072",
			"text": "@g1 Opoio mesmo sabendo que não vai dar em nada"
		},
		{
			"id": "1358950497793830912",
			"text": "@g1 Só vem impeachment. A gente suplica"
		},
		{
			"id": "1358945505263419401",
			"text": "@ciceroneryjr @g1 infelizmente já perdi as esperanças de impeachment, só no aguardo pra 2022 agora"
		},
		{
			"id": "1358941254399180801",
			"text": "@SeverioDe @g1 Quem foi que desenvolveu a vacina,que é eficaz,foram os cientistas ou o Bolsonaro?"
		},
		{
			"id": "1358939127916466177",
			"text": "@g1 G1 jornal da globo lixo vou ja desfazer essa merda"
		}
	],
	"meta": [
	{
		"newspaper": "g1",
		"topic": "politica",
		"date": "8-2-21",
		"result_count": 53
	}
	]
}