{
	"data": [
		{
			"id": "1330994910959456257",
			"text": "@g1 Crentalhada surtando em 3,2,1..."
		},
		{
			"id": "1330999055351226371",
			"text": "@g1 Zoar cristão no Brasil é fácil. Queria ver zoar muçulmano na França."
		},
		{
			"id": "1330995210537611264",
			"text": "@g1 Não gosto desse tipo de humor!"
		},
		{
			"id": "1330999454044917760",
			"text": "@g1 Hahhhaha falam que Deus não existe, falam que tudo é uma farsa, amam zoar com a crença dos outros mas não perdem por nada uma praia num feriado religioso, né? Hahahaha"
		},
		{
			"id": "1331013576346177539",
			"text": "@g1 Peço a Deus que tenha misericórdia com esses seres, porém, como sei que o Senhor também é justiça, logo veremos sua Destra pesar sobre eles🙏🙏🙏🙏🙏"
		},
		{
			"id": "1331020753475686401",
			"text": "@g1 Queria ver eles fazerem isso com Alá ou Maomé, os mulçumanos iam amar ver isso, mas falta coragem dos portas dos fundos né, frouxos"
		},
		{
			"id": "1330996508213317635",
			"text": "@g1 Viva a liberdade de expressão! Kkkkkk amo"
		},
		{
			"id": "1331001222136999940",
			"text": "@g1 Eu acho desrespeitoso usar a imagem e história de Jesus Cristo para fazer 'humor'. Não vi o especial do ano passado e não irei ver desse ano."
		},
		{
			"id": "1331012300501897218",
			"text": "@g1 A gayzada da globo não tem limite."
		},
		{
			"id": "1331017371595771906",
			"text": "@g1 COMO EU AMOOOO KKKKK"
		},
		{
			"id": "1331089610840150017",
			"text": "@g1 Muito bom👏🏻👏🏻👏🏻"
		},		
		{
			"id": "1331097201267908615",
			"text": "@g1 A arte da diarréia encefálica 🤙"
		},	
		{
			"id": "1331031987310764032",
			"text": "@g1 Legal, gosto da ironia que eles fazem misturando o antigo com o presente. Crente que é crente sabe que aquilo não é verdade, só finge que não existe, se não gosta."
		},			
		{
			"id": "1331098211910610945",
			"text": "@g1 quem não gosta é só não assistir! bando de babacas"
		},			
		{
			"id": "1331126938094751745",
			"text": "@g1 A originalidade deles me surpreende"
		},			
		{
			"id": "1331132094135889920",
			"text": "@g1 vai começar o mimi da crentalhada"
		},			
		{
			"id": "1331239294548238336",
			"text": "@g1 Sombam da nossa fé, e se falarmos algo, nós que somos intolerantes"
		},			
		{
			"id": "1330995171304017920",
			"text": "@g1 Tem que ter polêmica. É assim que a gente quer."
		},
		{
			"id": "1331022933171564551",
			"text": "@g1 Sou ateu, mas brincar com religião é o fim,respeite as doutrinas,mesmo q não as sigam!"
		},
		{
			"id": "1331285514679447552",
			"text": "@g1 Blasfêmia e desrespeito em foma de vídeo. Chega a doer no coração."
		}	
	],
	"meta": [
	{
		"newspaper": "g1",
		"topic": "religiao",
		"date": "10-9-20",
		"result_count": 20 		
	}
	]
}