{
    "data": [
        {
            "id": "1284115940330921985",
            "text": "@g1 racismo n tem justificativa, a única causa dos atos dessa senhora é a mente preconceituosa da mesma"
        },
        {
            "id": "1357491841608929280",
            "text": "@g1 beleza, mas por quê tão divulgando o rosto da VÍTIMA e não da racista em questão?"
        },
        {
            "id": "1283790320677916672",
            "text": "@g1 mais uma vez mostrando foto da vitima inves da merdinha"
        },
        {
            "id": "1283790399556001792",
            "text": "@g1 a gnt tem q parar de tratar gente velha com soberania esse povo so tem privilégio na funerária msm"
        },
        {
            "id": "1283790853358723075",
            "text": "@g1 qual o sentido de expor a vítima e colocar censura na cara da idosa racista??????"
        },
		{
            "id": "1283810273393029123",
            "text": "@g1 Quem tem culpa de tudo não são os chineses, o povo chinês. Quem tem culpa é o ESTADO chinês."
        },
		{
            "id": "1283790257234878464",
            "text": "@g1 Essa caça as bruxas a China comunista é bem complicada. Pode gerar um ódio a quem no tem nada haver."
        },
		{
            "id": "1283790118801813507",
            "text": "@g1 idoso é covarde"
        },
		{
            "id": "1283790293385580545",
            "text": "@g1 Os bolsonarianus são covardes."
        },
		{
            "id": "1283791009189629952",
            "text": "@g1 CRIMINOSA é indiciada por RACISMO."
        },
		{
            "id": "1283791455736266752",
            "text": "@g1 tem q se fuder msm"
        },
		{
            "id": "1283791536606642179",
            "text": "@g1 Que pegue uma cadeia bem demorada essa velha"
        },
		{
            "id": "1283792858554793986",
            "text": "@g1 Escrotisse não tem idade."
        },
		{
            "id": "1283796055901995008",
            "text": "@g1 Muitos idosos acham que tem aval pra ser racista."
        },
		{
            "id": "1283825150111219712",
            "text": "@g1 bem feito velha podre"
        },
		{
            "id": "1283829865708498944",
            "text": "@g1 A idosa é cidadã de bem néh"
        },
		{
            "id": "1283969340640038919",
            "text": "@g1 tem idoso q pede pra ser agredido"
        },
		{
            "id": "1283790061742546944",
            "text": "@g1 se fudeu velha do caralho"
        },
		{
            "id": "1283859443000713232",
            "text": "@g1 Velho não é sinônimo de sabedoria. Essa velha é exemplo claro. Uma ignorante que provavelmente votou no Bozo."
        },
		{
            "id": "1283810033743134721",
            "text": "@g1 Todo racista é um filha da puta"
        },
		{
            "id": "1283793246834102272",
            "text": "@g1 Quer apostar que é Bolsonaristas??? Kkkk"
        }	
    ],
    "meta": [
	{
		"newspaper": "g1",
		"topic": "raca",
		"date": "16-7-20",
        "result_count": 21
    }
	]
}