{
	"data": [
		{
			"id": "1288599714527621120",
			"text": "@g1 Sou mulher de candomblé. Não me causa espanto. Eles sabem o que não sabemos. Axé para quem é de axé."
		},
		{
			"id": "1288600058225664000",
			"text": "@g1 Todo respeito as religiões de matrizes africanas, sempre mostrando irreverência e respeito perante os demais."
		},
		{
			"id": "1288608109565480960",
			"text": "@g1 Enquanto isso Infelizmente algumas pessoas que usam a religião para tirar o dinheiro das pessoas querem que normalize tudo."
		},
		{
			"id": "1288613294450843649",
			"text": "@g1 Se os orixás estão preocupados com as vidas isso é verdade, ao contrário das igrejas quer dizer do líderes por tras delas."
		},
		{
			"id": "1288617865659252739",
			"text": "@g1 os candobleiros são maravilhosos, man 😔"
		},
		{
			"id": "1288627762379530241",
			"text": "@g1 Enquanto isso Malafaia tá abrindo igreja pra  arrancar dinheiro de trouxa 😐"
		},
		{
			"id": "1288641144616779778",
			"text": "@g1 E os cristão tomando cloroquina"
		},
		{
			"id": "1288727456275410944",
			"text": "@g1 Eu queria muito não ser ateu pra ser do candomblé na moral"
		},
		{
			"id": "1288621753313484800",
			"text": "@g1 Parabéns aos orixás que confiam na ciência."
		},
		{
			"id": "1288653292067840000",
			"text": "@g1 Logo logo tudo voltara ao normal, os Orixás sabem o que falam!"
		},
		{
			"id": "1288696154193121280",
			"text": "@g1 Os terreiros que sempre são atacados pelos 'cidadãos de bem' estão fechados,agora as igrejas cristãs insistem que precisa ir no culto/missa pra ficar em contato com Jesus kakakak, hipocrisia neh?"
		},
		{
			"id": "1288602658048217088",
			"text": "@g1 até os orixas estão pedindo para todos ficarem em casa e não fazer aglomeração, já esse tal de presidente bolsobosta, quer todos nas ruas e com aglomeração;."
		},
		{
			"id": "1288818903251066880",
			"text": "@g1 Quem faz parte de uma religião afro-brasileira não é do 'demônios'. Existe várias religiões e quem disse que a sua é a única correta?"
		},
		{
			"id": "1288606155854544903",
			"text": "@g1 enquanto isso nas igrejas aglomeração e corona vírus pro dízimo 🤮🤮🤮🤮"
		},
		{
			"id": "1288607552675229696",
			"text": "@g1 Não apareceu nenhum crente pra falar merda."
		}		
	],
	"meta": [
	{
		"newspaper": "g1",
		"topic": "religiao",
		"date": "30-7-20",
		"result_count": 15 		
	}
	]
}