{
    "data": [
        {
            "id": "1356755153894924290",
            "text": "@g1 Acabar com o direito de anonimato é contra-democrático. A solução é garantir alguma forma de punição caso o agredido sinta-se no direito de agir."
        },
        {
            "id": "1356755358929350660",
            "text": "@g1 Se isso significar acabar com ataques racistas, sim."
        },
        {
            "id": "1356755304885665795",
            "text": "@g1 Existe anonimato nas redes sociais???"
        },
        {
            "id": "1356758455139377153",
            "text": "@g1 Essas pessoas vão continuar existindo,ent fds"
        },
        {
            "id": "1356754950458650624",
            "text": "@g1 Não. E quem acredita nisso é um animal."
        },
        {
            "id": "1356755652643815426",
            "text": "@g1 Não pq aí vc estaria ferindo um outro direito constitucional, anonimato"
        },
        {
            "id": "1356758897864953858",
            "text": "@g1 O regime odeia liberdade civil emenda um dai pra atacar e receber apoio vem com pretexto lacrador tipicos reds"
        },
        {
            "id": "1356760073226375171",
            "text": "@g1 Os governos vao usar isso pra controlar o gado so idiota acha ke ativista red ditatorial se preocupa com alguem"
        },		
		{
            "id": "1356754862910889986",
            "text": "@g1 Por causa de meia dúzia de imbecis vão criar mais uma barreira na liberdade de expressão"
        }	
    ],
    "meta": [
	{
		"newspaper": "g1",
		"topic": "raca",
		"date": "3-2-21",
        "result_count": 9
    }
	]
}