{
    "data": [
        {
            "id": "1359161531645255681",
            "text": "@JornalOGlobo O que ele pensaria de um rápido e superficial abraço deste, dado em sua esposa ou filhas, sem consentimento das mesmas? #assedio"
        },
        {
            "id": "1359162045590106112",
            "text": "@JornalOGlobo Somos todos cegos e tolos?"
        },
        {
            "id": "1359208682454679559",
            "text": "@JornalOGlobo Esse filho da p... deveria responder processo! Tá claro que o cara teve a intenção de colocar a deputada contra a parede e esfregar o genitália nela."
        },
        {
            "id": "1359161040731320321",
            "text": "@JornalOGlobo BANDIDO! PODRE!"
        },
        {
            "id": "1359176052761837574",
            "text": "@JornalOGlobo Esse ridículo acha que só ele tem visão,  os demais são cegos !"
        },
        {
            "id": "1359164643286073349",
            "text": "@JornalOGlobo se fosse uma pessoas comum já teria sido.preso e demitido . .mas como é um.politoco.malditos breve ganhara uma minissérie"
        },
        {
            "id": "1359173108846985216",
            "text": "@JornalOGlobo Chama a mulher dele, a filha dele, a a mãe dele e pergunta a ele se abraçarem elas da maneiras que abraçou a mulher é um `abraço rápido e superficial`. Verme FDP."
        },
        {
            "id": "1359163744018923520",
            "text": "@JornalOGlobo Nojento e cinico!"
        },
        {
            "id": "1359165507652452363",
            "text": "@JornalOGlobo Safado, nas imagens dá pra perceber que ele até fala para seus colegas que vai fazer algo com a deputada;"
        },
        {
            "id": "1359162020583604238",
            "text": "@JornalOGlobo Quando eu vou no prostíbulo eu chego nas putas com mais respeito do que esse deputado chegou na colega deputada no ambiente de trabalho..."
        }			
    ],
    "meta": [
	{
		"newspaper": "oglobo",
		"topic": "mulheres",
		"date": "9-2-21",
        "result_count": 10
    }
	]
}