{
	"data": [
		{
			"id": "1303625231110754304",
			"text": "@JornalOGlobo Será se não foram uns terrivelmente Evangélicos que fizeram isso?"
		},
		{
			"id": "1303623842003378178",
			"text": "@JornalOGlobo Quero meu Brasil de volta!Malditos brasileiros de bem🤬"
		},
		{
			"id": "1303633033711497216",
			"text": "@JornalOGlobo Alguma dúvida que foram neopentecos?"
		},
		{
			"id": "1303634460789932033",
			"text": "@JornalOGlobo Quanta maldade o ser humano trás no coração, o Brasileiro não respeita mais nada, nem ninguém, pais de  hipócritas."
		},
		{
			"id": "1303635722470150145",
			"text": "@JornalOGlobo Os cristãos são a nossa pior pandemia."
		},
		{
			"id": "1303643134757306373",
			"text": "@JornalOGlobo Deve ser um cidadão cristão e que apertou 17 nas urnas. Belo exemplo de respeito e de tolerância 😤"
		},
		{
			"id": "1303669005820088322",
			"text": "@JornalOGlobo Brasil !! virou o país do ódio e da intolerância. Aonde chegamos?? Volta PT por favor!!"
		},
		{
			"id": "1303669907620597761",
			"text": "@JornalOGlobo É oq eu sempre digo, temos que combater o NEOPENTECOFACISMO"
		},
		{
			"id": "1303674375967776770",
			"text": "@JornalOGlobo Uma hora chega nos evanjegues! A violência gera violência! Pau que da em chico, também da em francisco."
		},
		{
			"id": "1303689484190584833",
			"text": "@JornalOGlobo estado fundamentalista cristão.. qd a gente vai acordar? Ta ficando cada vez pior!"
		},
		{
			"id": "1303690541188734976",
			"text": "@JornalOGlobo Assim que Jesus ensinou? Vc não concorda e põe fogo?"
		},
		{
			"id": "1303701299226124289",
			"text": "@JornalOGlobo Os cristãos que infestaram o país como uma peste. Qdo penso que andam de Bíblia debaixo do braço o dia inteiro, qdo vejo, já tenho vontade de dar uma surra."
		},		
		{
			"id": "1303705798074413058",
			"text": "@JornalOGlobo Igreja evangélica que deveria ser EXPLODIDA que é bom nada. Cambada de filhos da puta do caralho"
		},
		{
			"id": "1303808432072425473",
			"text": "@JornalOGlobo Que inferno é esse que estamos vivendo??"
		},	
		{
			"id": "1303815533863763974",
			"text": "@JornalOGlobo Vamos apostar quanto que tem dedo de evangélico nessa?"
		},	
		{
			"id": "1303824273992187904",
			"text": "@JornalOGlobo Triste o desrespeito a religião,incentivada por fanáticos ."
		},	
		{
			"id": "1303673523685253121",
			"text": "@JornalOGlobo Já pensou se fosse uma igreja caça-níquel?"
		},	
		{
			"id": "1303621431046086656",
			"text": "@JornalOGlobo A triste realidade da intolerância religiosa e o acúmulo de acéfalos domesticadamente cristaos."
		}	
	],
	"meta": [
	{
		"newspaper": "oglobo",
		"topic": "religiao",
		"date": "9-9-20",
		"result_count": 18		
	}
	]
}