{
	"data": [
		{
			"id": "1248109540454936576",
			"text": "@JornalOGlobo Nem precisa ser mãe de santo pra antever a catástrofe que será esse vírus."
		},
		{
			"id": "1248112973148827648",
			"text": "@JornalOGlobo Passando muito rápido pelos comentários e lendo com atenção a matéria fico com a certeza que os orixás estão certo. O mundo tem que mudar. Obrigada por toda luz e sabedoria Wanda d' Omolú."
		},
		{
			"id": "1248124444108886017",
			"text": "@JornalOGlobo Agora tão fazendo até macumba pro vírus"
		},
		{
			"id": "1248161848291139584",
			"text": "@JornalOGlobo Só racistas e ignorantes falando,sem nem ler a matéria. Abriram a tampa do esgoto,sairam rastejando lá de dentro."
		},
		{
			"id": "1248174635658563585",
			"text": "@JornalOGlobo 😂😂😂😂que decadência.  Apelaram até  para uma mãe  de santo...🤣🤣🤣"
		},
		{
			"id": "1248188912444624896",
			"text": "@JornalOGlobo O Globo apelando pra mãe de santo é desespero demais. Espero que essa seja só mais uma mãe dinah"
		},
		{
			"id": "1248202353389572096",
			"text": "@JornalOGlobo Tá repreendido em nome de Jesus! Eu declaro em nome de Jesus que o Corona vírus vai ser destruído com a mesma velocidade que se espalhou!"
		},
		{
			"id": "1248203432139337729",
			"text": "@JornalOGlobo Macumbeira do cão sabe nada."
		},		
		{
			"id": "1248219778046742528",
			"text": "@JornalOGlobo Os evangélicos vão acabar com o mundo!"
		},		
		{
			"id": "1248222895152795649",
			"text": "@JornalOGlobo Nada como ciência pra nós auxiliar nesse momento..."
		},
		{
			"id": "1248224578880634881",
			"text": "@JornalOGlobo Xô demônio. DEUS É MAIS"
		},
		{
			"id": "1248062749478981638",
			"text": "@JornalOGlobo Alguns criticando a matéria por ela ser mãe de santo. Bom, sou cristão, mas não achei nada demais a matéria, até porque se fosse algum pastor ou padre falando, ninguém iria criticar por conta da religião."
		},
		{
			"id": "1248094638986141696",
			"text": "@JornalOGlobo A intolerância religiosa aqui tá correndo solta... Se fosse qualquer outro líder religioso, muitos aplaudiriam, gritariam por misericórdia e se esconderiam atrás da biblia. Os comentários estão dando nojo."
		},
		{
			"id": "1248060142006009864",
			"text": "@JornalOGlobo A religião acaba com o raciocínio das pessoas"
		},		
		{
			"id": "1248217385632509959",
			"text": "@JornalOGlobo Parei de ler em 'mãe de santo'"
		},	
		{
			"id": "1248209686639316993",
			"text": "@JornalOGlobo Vamos vencer, já estamos vencendo!"
		}	
	],
	"meta": [
	{
		"newspaper": "oglobo",
		"topic": "religiao",
		"date": "9-4-20",
		"result_count": 16		
	}
	]
}