{
	"data": [
		{
			"id": "1359204154015707138",
			"text": "@JornalOGlobo É eu também acho"
		},
		{
			"id": "1359019251772850178",
			"text": "@JornalOGlobo Sem ele vc caiu nas pesquisas"
		},
		{
			"id": "1358991042348019713",
			"text": "@JornalOGlobo Tá vendo a popularidade despencar né"
		},
		{
			"id": "1358970755774611457",
			"text": "@JornalOGlobo A eterna logística podre deles."
		},
		{
			"id": "1358970555970428930",
			"text": "@deisafelix @JornalOGlobo Perfeito kkkk"
		},
		{
			"id": "1358921848893956101",
			"text": "@JornalOGlobo Eu acho?"
		},
		{
			"id": "1358914408693530630",
			"text": "@JornalOGlobo Tomara que dê p fazer uma compra né 🤬🤬🤬"
		},
		{
			"id": "1358908838464880641",
			"text": "@JornalOGlobo Acha? Dar auxílio numa pandemia é o mínimo que um governante decente tem que fazer. E tem que ser no mínimo 300 contos. 200 reais já é alguma coisa, mas muito pouco para alguém se virar no mês."
		},
		{
			"id": "1358906750838145027",
			"text": "@DossantosBrasil @JornalOGlobo O maluco já definiu que vai ser 200 reais antes mesmo de ser aprovado Hahahhahaha"
		},
		{
			"id": "1358906503848148993",
			"text": "@JornalOGlobo Volta pra minha casaaa, volta pra minha vidaaaa"
		},
		{
			"id": "1358904635210293250",
			"text": "@DossantosBrasil @JornalOGlobo Tá certo que somos um país mais pobre que os EUA, mas lá são mais 1000 dólares até setembro. Ou seja, aqui deveria ser pelo menos os 600 reais de antes."
		},
		{
			"id": "1358904577014267906",
			"text": "@ManziniJr @JornalOGlobo Pesquisa no anta"
		},
		{
			"id": "1358903299957792772",
			"text": "@JornalOGlobo Só quer comprar votos kkk assim como comprou o congresso. Viva a nova política 🙌🙌🙌#ImpeachmentBolsonaroUrgente"
		},
		{
			"id": "1358903264167800837",
			"text": "@JornalOGlobo É no mínimo ridículo um presidente 'achar' sobre um assunto que está sob a sua gestão, não?"
		},
		{
			"id": "1358902432957366273",
			"text": "@JornalOGlobo Enquanto isso Bolsonaro renuncia mais de 300 bilhões para empresários. O povo para Bolsonaro é apenas um detalhe."
		},
		{
			"id": "1358901610345353226",
			"text": "@JornalOGlobo Até pq a popularidade do governo não está lá essas coisas. Volto o auxílio que a taxa de rejeição diminui. Essa ajuda deveria ser sem fins políticos, apenas assistências."
		},
		{
			"id": "1358901549674725376",
			"text": "@JornalOGlobo É claro que ele só acha. Mas a Luiza Trajano tem certeza: vai ter VACINA"
		},
		{
			"id": "1358901136233750534",
			"text": "@DossantosBrasil @JornalOGlobo Míseros pra você, lacrador! Quem tá passando fome não acha!"
		},
		{
			"id": "1358900266289025036",
			"text": "@JornalOGlobo Eu acho? Prorrogação? Esse  vc cara sabe o que é ser Chefe de Governo e de Estado?"
		},
		{
			"id": "1358900134491357195",
			"text": "@salveOliveira @JornalOGlobo Esse aí é só um porta-voz, o presidente do Brasil é o Lira"
		},
		{
			"id": "1358899973677531144",
			"text": "@JornalOGlobo Só que, dessa vez, não vai rolar 'orçamento de guerra'. Ou o desgoverno arruma de onde vai sair a grana ou não passa."
		},
		{
			"id": "1358899789690200074",
			"text": "@ManziniJr @JornalOGlobo Lembrando: https://t.co/w2UeREUgsb"
		},
		{
			"id": "1358899734765838337",
			"text": "@JornalOGlobo #GloboLixo https://t.co/VVgi68h15q"
		},
		{
			"id": "1358899684996222977",
			"text": "@JornalOGlobo O presidente do Brasil 'ACHA'"
		},
		{
			"id": "1358899426203496452",
			"text": "@JornalOGlobo 'Eu acho que vai ter. Vai ter uma prorrogação', Um líder."
		},
		{
			"id": "1358899362580021248",
			"text": "@JornalOGlobo https://t.co/KGltmOzqgf"
		},
		{
			"id": "1358899357173620741",
			"text": "@JornalOGlobo E SE não tiver,ele não é culpado . SE porrorgar foi idéia dele"
		},
		{
			"id": "1358899166194372611",
			"text": "@JornalOGlobo vai ou acha? desgraça n se decide"
		},
		{
			"id": "1358899105049825286",
			"text": "@JornalOGlobo Popularidade despencando. Bateu o desespero."
		},
		{
			"id": "1358899091208568833",
			"text": "@JornalOGlobo Ele acha?"
		},
		{
			"id": "1358899026444312576",
			"text": "@JornalOGlobo Dinheiro pra vacina não tem mas pra comprar políticos está sobrando... vagabundo"
		},
		{
			"id": "1358898989534490624",
			"text": "@JornalOGlobo Vai usar o auxilio emergencial como moeda de troca para eleição de 2022.. Miseros 200 reais pqp.. o pobre recebendo 200 reais imaginando que vai fazer compra do mes no mercado."
		}
	],
	"meta": [
	{
		"newspaper": "oglobo",
		"topic": "politica",
		"date": "8-2-21",
		"result_count": 32
	}
	]
}