{
    "data": [
        {
            "id": "1341456366888738819",
            "text": "@JornalOGlobo não tem deboche, tem um ataque a pessoas que MORREM todos os dias exclusivamente por ataque de ódio, se toca."
        },
        {
            "id": "1341487967739801600",
            "text": "@JornalOGlobo mimimi e patrulha! Nem a arte é livre nesse país de DESPOTAS iluminados!"
        },
        {
            "id": "1341458444562407426",
            "text": "@JornalOGlobo Deviam ter a carreira cancelada, bando de pau no cu."
        },
        {
            "id": "1341433213781237773",
            "text": "@JornalOGlobo Conseguiram o que queriam, mídia 0800."
        },
        {
            "id": "1341434481551523840",
            "text": "@JornalOGlobo Que bom, nao da pra fingir que ta tudo bem ter gente ganhando dibheiro e fama em cima de transfobia recreativa"
        },
        {
            "id": "1341436606377549826",
            "text": "@JornalOGlobo Tinha de ser sertanojo né amores?"
        },
        {
            "id": "1341433397177139203",
            "text": "@JornalOGlobo ''''música''''"
        },
        {
            "id": "1341441666545315840",
            "text": "@JornalOGlobo Não pode mais pegar traveco agora?"
        },
        {
            "id": "1341459057614446597",
            "text": "@JornalOGlobo Transfobia é meu ovo direito."
        },		
        {
            "id": "1341527239037431814",
            "text": "@JornalOGlobo Acusados por quem seu jornalista vagabundo?  Virou bagunça agora,qualquer um pode sair por aí fazendo acusações?"
        },		
        {
            "id": "1341755616507904003",
            "text": "@JornalOGlobo Esse ativismo enche o saco!"
        },
        {
            "id": "1341513736142663686",
            "text": "@JornalOGlobo Aí vc olha pra esses caras e pensa, alguém em sã consciência tem coragem de sair com uns bostas desses?"
        }			
    ],
    "meta": [
	{
		"newspaper": "oglobo",
		"topic": "lgbtq",
		"date": "22-12-20",
        "result_count": 12
    }
	]
}