{
	"data": [
		{
			"id": "1281700542952218624",
			"text": "@JornalOGlobo Que horror! República Teocrática do Brasil"
		},	
		{
			"id": "1281693932385173505",
			"text": "@JornalOGlobo Por isso tem gente acreditando em Terra plana."
		},	
		{
			"id": "1281258956959166470",
			"text": "@JornalOGlobo muitas bíblias para o povo. Glória a Deus"
		},	
		{
			"id": "1281264223058898944",
			"text": "@JornalOGlobo Por isso que as pessoas estão cada dia mais burras, ignorantes e prepotentes."
		},	
		{
			"id": "1282168494872821761",
			"text": "@Maryana29558374 @JornalOGlobo Lideres feministas manipulam mulheres e garotas ingenuas."
		},	
		{
			"id": "1281387976677904387",
			"text": "@JornalOGlobo Multiplica, Jesuuuuuus. Não posso esperar pra ter minha estante de livros de crenteCara sorridente com óculos de sol"
		},	
		{
			"id": "1281417536970596360",
			"text": "@JornalOGlobo Aguardo os meus 12 livros de crente chegarem"
		},	
		{
			"id": "1281553577513758720",
			"text": "@JornalOGlobo Para um país que supervaloriza coaching e não professores, faz todo sentido livros religiosos recheados de auto ajuda crescerem as vendas. Por isso estamos afundados em ignorância."
		},	
		{
			"id": "1281567144958930944",
			"text": "@JornalOGlobo Pregação religiosa é violência cultural. É genocídio dos deuses alheios e ato abusivo aos felizes ateus. Evangelismo é bullying. Impor monoteísmo é colonialismo atroz."
		},	
		{
			"id": "1281591646623281163",
			"text": "@JornalOGlobo Pessoal já associa esses livros automaticamente ao cristianismo, e sim, a maioria do povo brasileiro é cristão, mas dentre estes livros também existem obras do espiritismo, umbanda, budismo e judaísmo, até mesmo Xintoísmo, não existe só uma religião por aqui."
		},	
		{
			"id": "1281614269159702529",
			"text": "@JornalOGlobo Excelente notícia, quanto maior o crescimento do conhecimento, menos charlatões religiosos teremos"
		},			
		{
			"id": "1281620884118175746",
			"text": "@JornalOGlobo Por isso q o Brasil tá tão ruim e ignorante"
		}	
	],
	"meta": [
	{
		"newspaper": "oglobo",
		"topic": "religiao",
		"date": "9-7-20",
		"result_count": 12		
	}
	]
}