{
	"data": [
		{
			"id": "1310771545892159489",
			"text": "@JornalOGlobo Queria tanto ser o advogado dessa mulher, @dancarv7"
		},	
		{
			"id": "1310771646450593793",
			"text": "@JornalOGlobo Lenda que não fez nada de errado"
		},			
		{
			"id": "1310771880857661441",
			"text": "@JornalOGlobo Isso aí, transformem qualquer um em herói, pra depois alguns dias ter que cancelar por qualquer coisa."
		},	
		{
			"id": "1310775088279674881",
			"text": "@JornalOGlobo Daqui a pouco vira deputada"
		},	
		{
			"id": "1310813496003756032",
			"text": "@vincentmoschen @JornalOGlobo dePUTAda"
		},	
		{
			"id": "1310773125978755072",
			"text": "@JornalOGlobo EMPODERAMENTO? KKKKKKKKKKK A mulher está sem cinto, está praticamente de pé, e isso é empoderamento? POSTE ESTÁ URINANDO EM CACHORRO EM 2020."
		},	
		{
			"id": "1311020029522194433",
			"text": "@JornalOGlobo Empoderamento é botar uma mulher na presidencia da republica."
		},	
		{
			"id": "1310772158461861890",
			"text": "@JornalOGlobo Conseguiu os minutinhos de fama que queria"
		},	
		{
			"id": "1310772110537691137",
			"text": "@JornalOGlobo Todos possuídos pelo ritmo rasgatanga."
		},	
		{
			"id": "1310773443542102018",
			"text": "@JornalOGlobo Sinceramente.... ridículo!!"
		},	
		{
			"id": "1310773809465753600",
			"text": "@JornalOGlobo Quem precisa de reality show quando se tem o Brasil em 2020"
		},	
		{
			"id": "1310775125214720000",
			"text": "@JornalOGlobo Todo corno gosta de criticar ela"
		},	
		{
			"id": "1310782745107464192",
			"text": "@JornalOGlobo As mulheres que se julgam empoderadas precisam rever seus conceitos."
		},	
		{
			"id": "1310783892438355968",
			"text": "@JornalOGlobo Gostosa do Leblon é a unica burguesa que não odeio"
		},
		{
			"id": "1310786924043476992",
			"text": "@JornalOGlobo Sempre vagabunda tem audiência no Brasil."
		},		
		{
			"id": "1310839847762960384",
			"text": "@JornalOGlobo A família tradicional está descontrolada 🤣🤣🤣"
		},		
		{
			"id": "1310884348980322308",
			"text": "@JornalOGlobo Mostrar a bunda sem necessidade virou empoderamento? Fazer barraco? Kkkk tô fora!"
		},		
		{
			"id": "1310894771972403200",
			"text": "@JornalOGlobo Hauhauhauhauah, Brasiiiiiillll"
		},		
		{
			"id": "1310902426107555840",
			"text": "@JornalOGlobo Tá todo mundo errado"
		},
		{
			"id": "1310904282762407936",
			"text": "@JornalOGlobo Só vi vulgaridade e falta de educação de todas as partes envolvidas. Jornal noticiando esse tipo de coisa é lamentável."
		},		
		{
			"id": "1310942359966961664",
			"text": "@JornalOGlobo Achei deprimente toda a cena! Todos errados!!"
		},		
		{
			"id": "1310897511637422080",
			"text": "@JornalOGlobo Piranhuda. Huahuahua"
		},		
		{
			"id": "1310900175402082305",
			"text": "@JornalOGlobo Barraqueira......"
		},
		{
			"id": "1310986738542804992",
			"text": "@JornalOGlobo Vivemos num país livre"
		},
		{
			"id": "1310773931901673472",
			"text": "@JornalOGlobo Maravilhosa!!! Tinha que ter descido a porrada (também) no babaca que puxou o biquíni dela"
		},		
		{
			"id": "1311011502820859906",
			"text": "@JornalOGlobo Vagabunda"
		}	
	],
	"meta": [
	{
		"newspaper": "oglobo",
		"topic": "mulheres",
		"date": "29-9-20",
		"result_count": 26		
	}
	]
}