{
    "data": [
        {
            "id": "1330228993342234627",
            "text": "@JornalOGlobo Mas que justo já que a reprentividade lgbteqia no legislativo e minúscula ( não vale os não assumidos , e que não lutam pela causa)"
        },
        {
            "id": "1330229692562071553",
            "text": "@JornalOGlobo Fruta tentando arrumar uma vaguinha mais fácil para 2022! 😅"
        },
        {
            "id": "1330273514239258627",
            "text": "@JornalOGlobo Ué?! O que houve com as concepções bolsonaristas dele?!"
        },
        {
            "id": "1330228778568736770",
            "text": "@JornalOGlobo ele quer fazer um surubão"
        },
        {
            "id": "1330228790715363330",
            "text": "@JornalOGlobo Ele está procurando outro eleitorado."
        },
        {
            "id": "1330229202835165187",
            "text": "@JornalOGlobo Oportunista de uma figa"
        },
        {
            "id": "1330229230727278598",
            "text": "@JornalOGlobo Conservador pra caralho kkkkkkkkkk"
        },
        {
            "id": "1330229629978865665",
            "text": "@JornalOGlobo O apelido de Fruta não nega"
        },
        {
            "id": "1330229854776725508",
            "text": "@JornalOGlobo Saúde e educação parece coisa feita para marcianos neste país!"
        },
        {
            "id": "1330238776573104128",
            "text": "@JornalOGlobo Bateu aquela saudade de brincar de esgrima com a galera"
        },
        {
            "id": "1330241896627793922",
            "text": "@JornalOGlobo Defendendo a classe dele."
        },		
        {
            "id": "1330243230080917506",
            "text": "@JornalOGlobo Que bonito. Nem parece que atira para todos os lados. Bacana."
        },
        {
            "id": "1330247184059682816",
            "text": "@JornalOGlobo LGBTQIAJYTNHGODSZ+PLUS"
        },
        {
            "id": "1330257994400063491",
            "text": "@JornalOGlobo Gente, o Frota mudou da água para o vinho ahahaha"
        },
        {
            "id": "1330265389750759427",
            "text": "@JornalOGlobo E fica o questionamento: oportunismo ou real preocupação com a representatividade da comunidade LGBTQIA+ nos espaços de poder? 🤔"
        },
        {
            "id": "1330283610268708868",
            "text": "@JornalOGlobo Ai é um aproveitador mesmo... Tomara que se afunde junto com o bozo"
        },
        {
            "id": "1330286470737895428",
            "text": "@JornalOGlobo NAMORAL, eu desisto desse país"
        },
        {
            "id": "1330288949747703808",
            "text": "@JornalOGlobo 🤣🤣🤣😂🤣😂🤣😂🤣😂🤣😂🤣😂🤣😂🤣😂😂🤣😂🤣🤣😂🤣😂🤣😂🤣"
        },		
        {
            "id": "1330296750196862977",
            "text": "@JornalOGlobo É muita vagabundagem"
        },		
        {
            "id": "1330309028686274562",
            "text": "@JornalOGlobo Se eu não soubesse que ele iria gostar mandava esse Frota TNC."
        },		
        {
            "id": "1330455354111651841",
            "text": "@JornalOGlobo Era tudo o que a comunidade LGBTQ precisava.... O frota lutando pela gente...."
        },		
        {
            "id": "1330484059718492162",
            "text": "@JornalOGlobo Fudeu, agora branco e hétero não tem mais espaço."
        },		
        {
            "id": "1330552913744322560",
            "text": "@JornalOGlobo Esse é um político real kkkkkkk"
        }				
    ],
    "meta": [
	{
		"newspaper": "oglobo",
		"topic": "lgbtq",
		"date": "21-10-20",
        "result_count": 23 
    }
	]
}