{
    "data": [
        {
            "id": "1359601540265312269",
            "text": "@JornalOGlobo Se, realmente, ela disse isso, não valem nem apena ler"
        },
        {
            "id": "1359546683416322061",
            "text": "@JornalOGlobo Parece mulher que levou chifre!!!"
        },
        {
            "id": "1359828993386680321",
            "text": "@JornalOGlobo O patriarcado venceu as mulheres pela força no desespero de conquistar uma importância maior  a sociedade."
        },
        {
            "id": "1359577158067314693",
            "text": "@JornalOGlobo Comigo isso não ocorre."
        },
        {
            "id": "1359548360076783618",
            "text": "@JornalOGlobo Eu incentivo essa moça a lavar umas louças! Aí vai ter menos tempo de falar asneiras."
        },
        {
            "id": "1359543208821329920",
            "text": "@JornalOGlobo O vitimismo se tornou uma espécie de doença mental"
        },
        {
            "id": "1359562181579321349",
            "text": "@JornalOGlobo O mundo não incentiva ninguém! Lute minha filha!!!"
        },
        {
            "id": "1359544066187403270",
            "text": "@JornalOGlobo Bla bla bla infinito."
        },
        {
            "id": "1359682561451188231",
            "text": "@JornalOGlobo 😴😴😴😴😴😴😴"
        },
        {
            "id": "1359544416260743170",
            "text": "@JornalOGlobo Que choradeira"
        },		
        {
            "id": "1359546650386198530",
            "text": "@JornalOGlobo FODASE"
        },	
		        {
            "id": "1359548693783969798",
            "text": "@JornalOGlobo Isso é falta do que fazer, vai pilotar um fogão minha filha...👍"
        },	
		        {
            "id": "1359573378697420802",
            "text": "@JornalOGlobo Papo chato do caralho"
        }	
    ],
    "meta": [
	{
		"newspaper": "oglobo",
		"topic": "mulheres",
		"date": "10-2-21",
        "result_count": 13
    }
	]
}