{
	"data": [
		{
			"id": "1358772893589643266",
			"text": "@JornalOGlobo Repórteres negros tem menos espaço na globo. Isso não é notícia?"
		},
		{
			"id": "1358531186671427593",
			"text": "@JornalOGlobo A estupidez jornalística chegou ao nível surreal."
		},
		{
			"id": "1358446055726215170",
			"text": "@JornalOGlobo Estagiários, vão lacrar na PQP!!!"
		},
		{
			"id": "1358438140231487489",
			"text": "@JornalOGlobo Vitimismo porco esse"
		},
		{
			"id": "1358433235546624003",
			"text": "@JornalOGlobo Eita, que isso é incitação à divisão!Parem com isso, já nos dividiram por demais!!!"
		},
		{
			"id": "1358425304793034753",
			"text": "@JornalOGlobo Prevejo mais uma cota!!!"
		},
		{
			"id": "1358425208319803395",
			"text": "@JornalOGlobo Que mi mi mi danado...Essa mídia hipócrita e a mais preconceituosa..todos somos iguais..mais a partir do momento que se cria cotas vocês mesmo estão sendo preconceituosos.."
		},
		{
			"id": "1358424207680536576",
			"text": "@JornalOGlobo E candidatos anões caolhos tiveram menos tempo ainda. #tempossombrios"
		},
		{
			"id": "1358421351757971459",
			"text": "@JornalOGlobo https://t.co/z9C4c2WcsX"
		},
		{
			"id": "1358419830328721409",
			"text": "@JornalOGlobo E os asiáticos?"
		},
		{
			"id": "1358418753369870343",
			"text": "@JornalOGlobo Deviam estar em partidos com menos tempo. Quanta estupidez."
		},
		{
			"id": "1358417491219918854",
			"text": "@JornalOGlobo Já não basta a cagada no BBB... Querem continuar nessa porra??? Vcs estão criando um monstro."
		},
		{
			"id": "1358414183700824067",
			"text": "@JornalOGlobo Negros têm menos tempo de TV na rede Globo. Ou a Globo manda metade dos brancos embora e contrata negros, ou pára de encher o saco exigindo coisas que a própria emissora não faz."
		},
		{
			"id": "1358414088934678529",
			"text": "@JornalOGlobo Pqp  vtnc ."
		},
		{
			"id": "1358412898377334786",
			"text": "@JornalOGlobo Siiiiiiiiiiimmmmm Hélio negão teve 1 segundo em 2018 triste"
		},
		{
			"id": "1358412187518304258",
			"text": "@JornalOGlobo Os partidos fizeram isso... selecionaram pela cor?????"
		},
		{
			"id": "1358411968202342403",
			"text": "@JornalOGlobo #GloboLixo"
		},
		{
			"id": "1358411907162648577",
			"text": "@JornalOGlobo Um bando de carol conka"
		},
		{
			"id": "1358411531843756038",
			"text": "@JornalOGlobo Bora fazer uma cota..O q acham??Tudo assim agora..🤷🏻‍♂️"
		},
		{
			"id": "1358411105685676034",
			"text": "@tiagobrito38 Vergonha é apoiar o bozo, jovem. De resto ta suave."
		},
		{
			"id": "1358410903125979140",
			"text": "@ChromusMaster Então, mesmo texto. 8 segundos para Bolsonaro e mais de 2 minutos para o poste Pare de passar vergonha"
		},
		{
			"id": "1358410659730509824",
			"text": "@JornalOGlobo Começou a lacração!!!"
		},
		{
			"id": "1358410587085111296",
			"text": "@tiagobrito38 Agora sim arranjou uma fonte melhor. 👏"
		},
		{
			"id": "1358410358587863041",
			"text": "@JornalOGlobo Começou o chororô."
		},
		{
			"id": "1358410100638175232",
			"text": "@JornalOGlobo Só fala mentiras;esse meio de comunicação tem que ser fechado imediatamente, não tem credibilidade alguma."
		},
		{
			"id": "1358409014875459584",
			"text": "@ChromusMaster https://t.co/l2xGYyxBQ5"
		},
		{
			"id": "1358408817684447234",
			"text": "@JornalOGlobo Meu Deus até quando vão procurar por histórias medíocres, para vitimizar? Tempo na TV não significa nada, hoje vamos atrás da vida dos candidatos pelos diversos meios existentes, não precisamos de horario político, votamos em quem nos representa, seja quem for."
		},
		{
			"id": "1358408507633115140",
			"text": "@JornalOGlobo Opa! Mais uma cota na conta do país das cotas. Não importa o quão irrelevante ou se o partido é nanico, a cor da pele agora determina tempo de tv."
		},
		{
			"id": "1358408257077927940",
			"text": "@JornalOGlobo O mesmo acontece no JN e Globonews, onde os partidos de esquerda, trabalhadores, minorias, seus projetos é propostas são simplesmente ignorados."
		},
		{
			"id": "1358407899387744256",
			"text": "@JornalOGlobo Que livramento 🙌"
		},
		{
			"id": "1358407893494734851",
			"text": "@JornalOGlobo Já estão com muito tempo no BBB, mostrando quem realmente são."
		},
		{
			"id": "1358406430043308040",
			"text": "@tiagobrito38 @JornalOGlobo É so olhar as materias de 2018. O tempo de TV do bozo foi exatamente o mesmo do Haddad. Não vem com essa de que ele teve menos tempo não."
		},
		{
			"id": "1358406321201180672",
			"text": "@JornalOGlobo E menos tempo no bbb"
		},
		{
			"id": "1358406178448039937",
			"text": "@JornalOGlobo Será q é devido a estarem em Partidos pequenos!? Sensacionalistas!"
		},
		{
			"id": "1358406071543619584",
			"text": "@JornalOGlobo TvCídio!!"
		},
		{
			"id": "1358406027255963653",
			"text": "@ChromusMaster @JornalOGlobo Alguém falou debate? O assunto é tempo"
		},
		{
			"id": "1358405915582599171",
			"text": "@JornalOGlobo Pqp kkkkkkkkkkkkkkkkk"
		},
		{
			"id": "1358405871227858944",
			"text": "@JornalOGlobo Esses candidatos se enfiam em partidos nanicos e querem o mundo pra falar"
		},
		{
			"id": "1358405836326993920",
			"text": "@JornalOGlobo É só não filiar a partidos de extrema esquerda nanicos como o PSOL que vcs terão mais tempo"
		},
		{
			"id": "1358405814894092292",
			"text": "@JornalOGlobo Com um governo genocida e racista a tendência zerar candidatos negros"
		},
		{
			"id": "1358405715384279041",
			"text": "@JornalOGlobo Bolsonaro então é negro. Na eleição só tinha 10 segundos"
		}
	],
	"meta": [
	{
		"newspaper": "oglobo",
		"topic": "raca",
		"date": "7-2-21",
		"result_count": 41
	}
	]
}